id,book_id,format,retailer_id,store_id,date,price,quantity_sold,revenue
1,199,Mass Market Paperback,2,195,2024-05-15,11.82,37,437.34
2,176,Mass Market Paperback,5,368,2024-03-31,11.54,31,357.74
3,260,Paperback,2,186,2024-09-06,18.19,36,654.84
4,151,Audiobook,2,188,2023-07-19,21.27,17,361.59
5,172,Paperback,4,315,2023-07-02,15.77,48,756.96
6,216,eBook,9,475,2024-11-09,9.81,19,186.39
7,61,Hardcover,1,73,2025-08-21,33.65,38,1278.7
8,242,Mass Market Paperback,5,391,2024-02-03,9.47,44,416.68
9,272,Audiobook,2,141,2024-09-03,20.53,10,205.3
10,103,Audiobook,2,147,2024-12-02,29.86,30,895.8
11,162,Hardcover,2,182,2024-01-05,29.87,41,1224.67
12,161,Hardcover,2,173,2023-04-29,29.51,14,413.14
13,296,Paperback,1,91,2025-12-21,16.44,49,805.56
14,67,Audiobook,5,393,2025-06-07,24.02,31,744.62
15,3,Mass Market Paperback,1,15,2023-03-19,9.79,24,234.96
16,165,Paperback,3,255,2025-12-23,14.08,1,14.08
17,116,eBook,5,393,2025-09-26,10.17,7,71.19
18,258,Paperback,4,306,2024-09-18,14.32,3,42.96
19,149,Mass Market Paperback,7,445,2025-07-22,11.38,22,250.36
20,69,Audiobook,2,169,2024-12-02,23.58,13,306.54
21,207,Paperback,3,217,2023-02-09,15.11,9,135.99
22,12,Paperback,1,39,2025-10-30,14.61,46,672.06
23,193,Mass Market Paperback,1,50,2024-06-07,11.48,39,447.72
24,56,Hardcover,7,455,2024-11-24,31.89,27,861.03
25,195,Mass Market Paperback,2,157,2023-09-11,10.0,45,450.0
26,106,eBook,4,277,2023-01-20,10.94,7,76.58
27,311,Paperback,10,524,2025-09-19,16.08,7,112.56
28,61,Hardcover,3,204,2024-08-01,32.84,32,1050.88
29,312,eBook,5,367,2024-02-14,13.81,13,179.53
30,210,Paperback,3,213,2025-08-20,14.19,32,454.08
31,247,Paperback,1,92,2024-11-08,14.0,43,602.0
32,57,Mass Market Paperback,1,93,2026-02-10,11.67,10,116.7
33,262,Hardcover,3,237,2023-06-03,34.04,42,1429.68
34,234,eBook,2,179,2025-07-24,11.24,7,78.68
35,21,eBook,7,437,2024-08-18,13.6,21,285.6
36,60,Hardcover,2,175,2023-07-14,25.09,9,225.81
37,169,Audiobook,1,96,2025-01-02,29.54,18,531.72
38,191,Paperback,8,468,2024-12-02,14.56,26,378.56
39,140,Audiobook,2,171,2025-02-28,27.99,42,1175.58
40,58,Hardcover,1,107,2023-09-29,34.81,11,382.91
41,214,Audiobook,7,449,2026-03-18,28.01,44,1232.44
42,93,Audiobook,1,30,2026-01-08,27.78,40,1111.2
43,67,Audiobook,7,452,2025-09-16,21.12,27,570.24
44,24,eBook,3,230,2023-05-10,12.57,1,12.57
45,174,Mass Market Paperback,1,98,2025-11-29,11.74,40,469.6
46,222,Audiobook,5,395,2024-06-16,23.45,44,1031.8
47,77,Mass Market Paperback,2,161,2026-02-17,9.21,42,386.82
48,259,Audiobook,10,504,2025-08-19,28.68,5,143.4
49,165,eBook,10,520,2024-05-08,14.78,4,59.12
50,115,Audiobook,1,81,2026-02-01,24.02,16,384.32
51,236,Mass Market Paperback,8,458,2025-06-28,10.78,32,344.96
52,162,Audiobook,1,106,2023-09-01,27.44,2,54.88
53,207,Hardcover,1,94,2025-04-24,30.56,1,30.56
54,310,Mass Market Paperback,8,468,2024-09-15,11.24,42,472.08
55,175,Hardcover,5,340,2025-10-22,33.16,30,994.8
56,287,Mass Market Paperback,5,373,2026-03-19,10.88,43,467.84
57,232,Hardcover,1,3,2023-08-22,32.58,15,488.7
58,175,eBook,1,109,2025-10-13,11.82,24,283.68
59,24,Audiobook,6,420,2023-12-03,21.39,46,983.94
60,55,Mass Market Paperback,6,403,2024-06-04,9.77,8,78.16
61,111,Paperback,6,425,2025-07-25,17.57,7,122.99
62,24,Audiobook,10,517,2023-09-10,24.56,38,933.28
63,69,Hardcover,7,444,2025-10-18,30.29,4,121.16
64,300,Mass Market Paperback,2,178,2025-12-13,12.11,12,145.32
65,66,Audiobook,4,330,2023-08-01,26.57,39,1036.23
66,259,Audiobook,3,255,2025-02-26,29.79,45,1340.55
67,141,eBook,2,137,2025-03-25,14.78,29,428.62
68,71,Mass Market Paperback,10,525,2025-04-25,11.79,48,565.92
69,154,eBook,3,223,2026-01-26,12.97,36,466.92
70,103,Mass Market Paperback,5,354,2024-03-05,11.85,44,521.4
71,68,Mass Market Paperback,5,331,2023-12-31,11.16,41,457.56
72,60,Mass Market Paperback,6,428,2024-12-22,10.91,37,403.67
73,274,Audiobook,1,110,2024-08-08,28.07,34,954.38
74,13,Paperback,3,205,2025-02-19,14.26,4,57.04
75,137,eBook,1,64,2023-11-26,12.77,10,127.7
76,152,Mass Market Paperback,1,105,2024-02-22,9.12,29,264.48
77,288,Mass Market Paperback,4,295,2025-05-15,10.55,33,348.15
78,25,Audiobook,4,321,2025-02-20,24.16,44,1063.04
79,283,Hardcover,7,454,2024-08-26,32.43,13,421.59
80,116,eBook,3,202,2025-07-26,13.28,35,464.8
81,100,Audiobook,1,77,2024-08-25,21.76,44,957.44
82,96,Mass Market Paperback,7,439,2023-12-22,9.47,3,28.41
83,143,eBook,4,262,2026-02-13,8.9,38,338.2
84,3,Audiobook,1,41,2024-11-07,27.09,10,270.9
85,79,Mass Market Paperback,4,309,2024-10-22,9.19,41,376.79
86,252,Mass Market Paperback,4,326,2026-03-18,10.42,46,479.32
87,270,Paperback,2,164,2024-03-26,16.59,33,547.47
88,213,Mass Market Paperback,3,227,2026-01-17,10.6,23,243.8
89,110,eBook,9,487,2025-06-13,10.52,14,147.28
90,288,Hardcover,8,457,2026-03-18,26.14,23,601.22
91,124,Hardcover,5,391,2024-05-14,31.82,21,668.22
92,59,eBook,1,26,2025-03-01,11.77,19,223.63
93,265,Mass Market Paperback,10,499,2025-02-06,12.2,29,353.8
94,23,Paperback,1,99,2024-08-30,15.59,6,93.54
95,86,Mass Market Paperback,3,216,2026-01-06,9.02,5,45.1
96,110,Hardcover,7,446,2025-09-16,27.05,45,1217.25
97,37,Hardcover,1,39,2023-11-11,29.58,22,650.76
98,45,Hardcover,1,73,2023-05-31,26.77,17,455.09
99,295,eBook,6,415,2024-08-10,10.84,29,314.36
100,222,Hardcover,1,7,2024-11-01,28.89,8,231.12
101,33,Hardcover,1,109,2023-04-04,28.57,33,942.81
102,149,Mass Market Paperback,7,449,2024-09-09,9.34,49,457.66
103,196,Hardcover,3,226,2025-03-20,29.73,35,1040.55
104,70,Mass Market Paperback,2,148,2025-03-11,10.17,41,416.97
105,153,Hardcover,2,145,2025-02-03,30.53,36,1099.08
106,64,Hardcover,1,88,2023-03-27,30.72,26,798.72
107,157,eBook,10,525,2024-03-06,9.47,42,397.74
108,73,Paperback,2,199,2023-11-26,15.09,17,256.53
109,59,Mass Market Paperback,9,473,2024-01-07,12.4,49,607.6
110,282,eBook,1,101,2024-07-27,12.69,17,215.73
111,102,Mass Market Paperback,5,366,2025-11-05,10.94,22,240.68
112,66,Hardcover,2,199,2024-04-25,27.84,5,139.2
113,163,Audiobook,4,314,2025-09-22,23.27,43,1000.61
114,300,Mass Market Paperback,7,439,2025-09-20,11.26,21,236.46
115,87,eBook,7,447,2023-07-22,9.71,15,145.65
116,142,Paperback,9,492,2025-01-06,17.39,22,382.58
117,237,eBook,1,112,2025-07-01,13.41,32,429.12
118,90,eBook,3,202,2023-06-17,14.0,9,126.0
119,135,Hardcover,1,32,2023-06-06,33.91,33,1119.03
120,298,Mass Market Paperback,4,267,2025-11-05,9.84,3,29.52
121,279,Audiobook,5,375,2025-11-14,26.53,10,265.3
122,201,Mass Market Paperback,2,138,2024-04-02,11.92,19,226.48
123,238,Mass Market Paperback,10,515,2025-10-23,9.35,24,224.4
124,6,Mass Market Paperback,2,144,2024-05-04,11.73,49,574.77
125,229,Paperback,2,150,2023-11-23,16.82,37,622.34
126,248,Hardcover,3,238,2025-01-04,27.18,32,869.76
127,33,eBook,3,212,2024-06-25,9.63,43,414.09
128,266,Audiobook,1,48,2025-01-09,24.69,30,740.7
129,21,Hardcover,4,281,2024-10-25,32.03,34,1089.02
130,135,Mass Market Paperback,5,388,2026-03-31,11.27,25,281.75
131,188,Mass Market Paperback,6,416,2023-06-09,10.0,15,150.0
132,181,Audiobook,1,7,2024-12-07,27.92,39,1088.88
133,257,Audiobook,4,288,2023-10-12,21.65,5,108.25
134,109,Paperback,2,122,2023-12-11,14.78,39,576.42
135,118,eBook,9,491,2025-04-29,13.03,31,403.93
136,246,Mass Market Paperback,1,23,2024-03-07,9.63,27,260.01
137,125,Paperback,2,138,2023-03-30,16.86,11,185.46
138,263,Mass Market Paperback,4,265,2023-03-22,9.58,11,105.38
139,93,Audiobook,1,20,2025-10-04,25.98,37,961.26
140,146,Paperback,9,494,2024-01-14,16.24,31,503.44
141,88,Audiobook,2,187,2026-03-20,26.0,38,988.0
142,262,Paperback,8,465,2024-06-25,17.61,22,387.42
143,306,Hardcover,2,136,2026-03-27,27.29,25,682.25
144,56,Paperback,6,430,2024-11-20,16.6,33,547.8
145,77,Paperback,1,40,2023-07-17,16.37,40,654.8
146,273,Hardcover,2,134,2025-10-27,25.92,43,1114.56
147,309,Hardcover,7,442,2025-11-10,33.96,50,1698.0
148,268,eBook,7,440,2025-05-11,14.11,45,634.95
149,118,Audiobook,1,101,2025-09-14,23.5,48,1128.0
150,218,eBook,1,86,2024-11-30,11.33,15,169.95
151,146,Mass Market Paperback,1,6,2025-06-22,10.62,13,138.06
152,4,Mass Market Paperback,5,385,2026-03-29,9.46,1,9.46
153,106,Audiobook,7,437,2024-10-08,23.61,10,236.1
154,300,eBook,5,375,2025-10-15,13.97,28,391.16
155,314,Audiobook,9,495,2024-07-18,27.54,27,743.58
156,92,Mass Market Paperback,4,315,2025-05-15,11.21,17,190.57
157,296,Audiobook,2,122,2024-10-17,27.35,43,1176.05
158,118,Paperback,6,411,2025-07-03,14.49,33,478.17
159,174,Mass Market Paperback,1,54,2026-02-01,11.78,46,541.88
160,83,Hardcover,9,483,2024-08-07,33.03,10,330.3
161,308,Hardcover,5,380,2025-06-10,25.63,15,384.45
162,41,Audiobook,4,294,2023-03-19,29.3,26,761.8
163,306,Paperback,1,11,2026-03-18,17.19,29,498.51
164,104,eBook,10,523,2025-11-27,9.35,39,364.65
165,265,Mass Market Paperback,5,369,2024-04-19,9.67,3,29.01
166,123,Paperback,6,410,2023-01-01,14.42,18,259.56
167,181,Audiobook,1,16,2025-03-20,25.85,34,878.9
168,36,Mass Market Paperback,5,357,2024-12-18,10.13,36,364.68
169,178,Paperback,8,466,2024-07-20,17.02,13,221.26
170,207,Hardcover,10,519,2026-03-23,27.6,27,745.2
171,55,Hardcover,1,120,2026-02-18,30.02,22,660.44
172,263,Mass Market Paperback,3,257,2024-06-11,12.24,37,452.88
173,227,Mass Market Paperback,5,348,2025-02-11,10.92,16,174.72
174,235,Mass Market Paperback,1,120,2025-08-01,12.44,31,385.64
175,133,Audiobook,3,236,2023-05-19,26.33,15,394.95
176,162,eBook,4,270,2025-04-24,11.61,1,11.61
177,128,Hardcover,5,351,2024-08-11,28.98,48,1391.04
178,39,Paperback,3,224,2026-02-09,16.37,23,376.51
179,294,Paperback,2,195,2025-12-21,18.73,44,824.12
180,256,Paperback,3,212,2024-02-13,17.67,17,300.39
181,118,Paperback,2,160,2024-02-20,18.17,23,417.91
182,55,Hardcover,10,505,2023-09-03,31.75,43,1365.25
183,315,Mass Market Paperback,5,381,2023-01-14,12.82,31,397.42
184,162,Mass Market Paperback,2,188,2025-10-05,12.47,32,399.04
185,262,Audiobook,2,132,2024-07-27,22.21,37,821.77
186,28,Audiobook,1,34,2025-12-12,24.77,35,866.95
187,258,Audiobook,2,179,2024-12-12,28.59,50,1429.5
188,235,Mass Market Paperback,1,9,2023-09-04,10.83,45,487.35
189,7,Audiobook,5,371,2024-03-07,25.8,21,541.8
190,314,Paperback,4,276,2024-06-15,16.73,16,267.68
191,242,eBook,3,216,2024-12-03,9.28,28,259.84
192,215,eBook,8,462,2025-02-01,13.97,18,251.46
193,93,Paperback,3,235,2025-11-29,18.89,44,831.16
194,52,Paperback,3,201,2024-07-06,16.77,25,419.25
195,75,Audiobook,6,432,2023-11-03,28.05,12,336.6
196,256,Mass Market Paperback,10,499,2023-10-03,11.13,21,233.73
197,154,Mass Market Paperback,6,408,2024-05-28,12.42,4,49.68
198,51,Hardcover,9,488,2025-03-31,27.14,17,461.38
199,50,eBook,4,264,2025-07-10,9.81,24,235.44
200,177,Audiobook,3,204,2023-02-10,21.2,44,932.8
201,296,Mass Market Paperback,4,292,2025-06-11,9.69,50,484.5
202,182,Mass Market Paperback,8,458,2024-10-27,10.94,48,525.12
203,41,Mass Market Paperback,2,149,2025-02-19,10.14,41,415.74
204,86,Audiobook,6,415,2024-11-21,26.3,37,973.1
205,37,Paperback,4,325,2023-06-12,15.71,21,329.91
206,150,Mass Market Paperback,8,456,2024-07-01,11.57,18,208.26
207,186,Audiobook,2,129,2025-11-30,21.66,2,43.32
208,121,eBook,1,82,2025-06-29,14.57,45,655.65
209,108,Audiobook,9,485,2023-12-08,21.02,5,105.1
210,281,Hardcover,1,86,2024-05-13,32.7,34,1111.8
211,54,Mass Market Paperback,6,400,2024-06-21,9.61,42,403.62
212,159,Paperback,2,130,2024-04-26,17.68,29,512.72
213,68,Paperback,5,366,2025-12-14,14.13,43,607.59
214,167,Audiobook,4,279,2025-09-02,29.74,35,1040.9
215,281,Paperback,2,182,2025-06-17,18.84,45,847.8
216,303,Audiobook,7,446,2026-03-14,26.3,41,1078.3
217,269,eBook,3,233,2025-12-29,14.35,31,444.85
218,46,eBook,2,160,2025-06-23,10.55,17,179.35
219,156,Hardcover,2,140,2023-02-28,30.22,49,1480.78
220,177,Audiobook,10,504,2024-08-10,25.34,45,1140.3
221,245,Hardcover,3,237,2024-09-05,32.65,19,620.35
222,4,eBook,7,448,2026-01-27,9.31,36,335.16
223,203,Paperback,6,400,2024-05-26,17.56,42,737.52
224,194,eBook,3,246,2024-03-27,8.54,41,350.14
225,265,eBook,4,276,2024-07-10,12.53,35,438.55
226,212,Hardcover,1,114,2024-01-21,26.81,19,509.39
227,234,eBook,2,193,2025-12-31,12.89,32,412.48
228,165,Paperback,1,23,2023-02-09,14.24,35,498.4
229,96,eBook,7,449,2023-07-29,9.87,46,454.02
230,5,Hardcover,3,223,2024-04-21,26.5,32,848.0
231,176,eBook,5,381,2025-05-10,13.49,32,431.68
232,238,eBook,2,150,2023-03-06,8.55,49,418.95
233,29,Audiobook,2,186,2024-06-29,20.7,31,641.7
234,99,Audiobook,3,255,2024-05-27,28.27,8,226.16
235,198,Paperback,3,204,2025-06-26,17.68,3,53.04
236,236,Mass Market Paperback,9,485,2023-07-12,11.65,14,163.1
237,200,eBook,1,44,2024-10-01,9.1,47,427.7
238,282,Hardcover,4,306,2025-10-29,27.52,41,1128.32
239,102,Hardcover,1,116,2024-10-27,33.63,14,470.82
240,121,Audiobook,4,283,2025-05-31,23.24,11,255.64
241,300,Audiobook,1,44,2025-09-11,27.88,1,27.88
242,298,Mass Market Paperback,1,92,2026-01-16,9.61,50,480.5
243,128,Audiobook,5,347,2023-11-19,20.9,40,836.0
244,31,eBook,1,110,2023-05-03,12.5,45,562.5
245,65,Paperback,5,356,2025-09-26,15.57,36,560.52
246,225,Hardcover,2,138,2024-01-31,31.88,23,733.24
247,129,Audiobook,4,302,2023-03-22,27.06,36,974.16
248,278,Audiobook,5,357,2026-01-05,21.89,12,262.68
249,166,eBook,2,165,2025-08-17,14.06,39,548.34
250,36,Paperback,5,376,2026-03-14,16.24,17,276.08
251,233,Mass Market Paperback,1,20,2023-01-02,10.51,12,126.12
252,187,Mass Market Paperback,1,65,2025-12-14,9.95,47,467.65
253,276,Paperback,2,158,2025-03-04,16.61,32,531.52
254,314,eBook,1,114,2024-08-02,10.86,21,228.06
255,50,Hardcover,2,183,2025-12-07,25.43,9,228.87
256,17,Hardcover,1,33,2025-09-14,29.84,7,208.88
257,293,Audiobook,4,263,2025-03-15,25.25,45,1136.25
258,26,Paperback,1,14,2025-01-20,17.02,5,85.1
259,107,Hardcover,1,63,2025-10-03,29.67,41,1216.47
260,185,Audiobook,1,60,2025-06-07,28.21,46,1297.66
261,137,Hardcover,1,80,2025-12-19,32.33,20,646.6
262,111,Hardcover,5,395,2025-11-29,26.0,15,390.0
263,98,Mass Market Paperback,2,184,2024-01-31,11.62,37,429.94
264,286,Audiobook,5,367,2026-01-11,27.45,50,1372.5
265,235,Hardcover,6,412,2025-05-24,26.66,12,319.92
266,259,Paperback,7,454,2024-11-22,16.66,39,649.74
267,181,Mass Market Paperback,5,381,2024-10-07,12.96,21,272.16
268,212,eBook,3,220,2025-05-31,12.25,37,453.25
269,193,eBook,8,459,2026-01-31,10.51,29,304.79
270,204,Hardcover,1,17,2023-09-12,34.82,39,1357.98
271,266,eBook,3,220,2023-10-04,8.04,15,120.6
272,162,eBook,2,159,2023-02-14,14.42,33,475.86
273,49,Audiobook,4,272,2023-03-19,23.55,9,211.95
274,188,Paperback,1,95,2024-05-26,15.27,20,305.4
275,293,Mass Market Paperback,1,80,2025-04-07,12.66,47,595.02
276,167,Paperback,1,98,2025-09-15,16.43,45,739.35
277,305,Hardcover,5,391,2026-02-28,32.3,37,1195.1
278,41,eBook,6,427,2023-04-25,10.43,28,292.04
279,62,Mass Market Paperback,5,392,2024-11-06,12.7,41,520.7
280,28,Mass Market Paperback,2,154,2024-09-16,9.15,35,320.25
281,168,Paperback,6,403,2025-10-25,14.76,44,649.44
282,229,Mass Market Paperback,4,297,2026-03-24,9.35,28,261.8
283,202,Paperback,1,51,2023-10-31,15.67,31,485.77
284,281,eBook,7,445,2025-05-01,8.59,33,283.47
285,67,Audiobook,6,405,2023-10-04,25.58,32,818.56
286,293,Mass Market Paperback,3,253,2024-02-15,11.45,48,549.6
287,125,eBook,1,92,2023-05-27,13.43,21,282.03
288,58,Audiobook,4,329,2025-04-27,23.64,13,307.32
289,177,eBook,7,453,2023-02-19,9.17,23,210.91
290,75,Hardcover,3,205,2025-06-21,34.23,15,513.45
291,192,Hardcover,3,249,2024-03-23,26.11,4,104.44
292,76,Hardcover,4,313,2024-08-12,28.42,8,227.36
293,231,Hardcover,3,217,2025-08-22,28.31,48,1358.88
294,105,Mass Market Paperback,9,495,2026-01-24,11.99,36,431.64
295,73,Audiobook,1,45,2023-02-07,25.82,43,1110.26
296,131,Hardcover,4,278,2023-12-15,27.83,45,1252.35
297,28,Hardcover,4,278,2025-08-10,25.66,43,1103.38
298,185,Hardcover,6,396,2024-03-03,27.91,42,1172.22
299,119,Mass Market Paperback,4,324,2025-02-18,12.9,7,90.3
300,249,Hardcover,8,469,2025-12-24,26.85,33,886.05
301,288,Hardcover,4,313,2026-01-20,25.39,34,863.26
302,171,Audiobook,5,356,2024-12-14,27.43,2,54.86
303,181,eBook,4,283,2024-12-28,9.64,33,318.12
304,32,Audiobook,4,287,2024-06-11,28.89,2,57.78
305,116,eBook,2,141,2024-03-20,14.27,43,613.61
306,45,Mass Market Paperback,3,233,2025-02-21,12.83,40,513.2
307,214,Mass Market Paperback,5,338,2025-09-20,9.6,20,192.0
308,230,Paperback,3,208,2026-03-19,15.02,9,135.18
309,71,Mass Market Paperback,2,149,2024-09-24,12.63,28,353.64
310,290,eBook,2,122,2025-09-26,8.46,35,296.1
311,95,Paperback,4,327,2024-10-12,17.63,49,863.87
312,212,eBook,4,281,2025-04-22,11.09,41,454.69
313,78,Hardcover,4,274,2025-01-10,26.31,2,52.62
314,311,Mass Market Paperback,3,237,2025-05-05,9.91,15,148.65
315,14,Hardcover,2,138,2025-01-05,31.87,31,987.97
316,258,eBook,10,504,2025-08-18,9.28,25,232.0
317,243,Paperback,6,419,2023-10-09,14.96,3,44.88
318,8,Audiobook,3,208,2024-07-06,22.22,43,955.46
319,105,Paperback,10,502,2023-05-16,18.63,29,540.27
320,167,Paperback,1,43,2025-07-26,16.13,50,806.5
321,312,eBook,1,40,2025-02-18,10.75,48,516.0
322,267,Audiobook,3,252,2023-08-12,24.56,3,73.68
323,266,Audiobook,6,397,2026-01-06,29.83,3,89.49
324,265,Paperback,4,312,2023-04-11,15.45,26,401.7
325,147,Paperback,1,56,2025-08-02,16.1,40,644.0
326,265,Audiobook,1,93,2023-10-19,28.29,29,820.41
327,257,Paperback,2,139,2023-08-20,17.88,45,804.6
328,202,eBook,8,465,2025-04-26,11.15,12,133.8
329,303,Paperback,3,257,2026-03-21,18.4,6,110.4
330,166,Hardcover,8,461,2023-12-02,25.9,46,1191.4
331,186,Mass Market Paperback,10,524,2023-11-13,11.82,47,555.54
332,314,Audiobook,2,175,2023-11-24,25.49,3,76.47
333,172,Paperback,2,184,2026-03-04,14.8,10,148.0
334,27,eBook,8,457,2025-05-09,10.16,50,508.0
335,148,Hardcover,1,4,2024-01-06,33.98,13,441.74
336,130,Audiobook,1,6,2023-01-26,24.97,32,799.04
337,312,Paperback,9,488,2025-10-07,15.07,43,648.01
338,233,Audiobook,1,7,2025-04-19,20.78,39,810.42
339,126,eBook,3,213,2026-01-25,12.33,36,443.88
340,26,Paperback,1,38,2024-01-14,14.27,23,328.21
341,75,Mass Market Paperback,5,340,2023-03-08,12.34,20,246.8
342,45,Hardcover,2,166,2023-04-11,29.16,12,349.92
343,146,Mass Market Paperback,2,182,2025-07-05,11.28,36,406.08
344,234,Hardcover,5,331,2025-09-27,25.92,20,518.4
345,189,Hardcover,1,67,2025-02-15,32.57,36,1172.52
346,150,Paperback,5,338,2025-08-22,14.6,18,262.8
347,270,Mass Market Paperback,1,60,2025-04-27,9.83,14,137.62
348,56,Audiobook,4,295,2025-02-01,27.23,39,1061.97
349,219,eBook,5,363,2024-10-10,11.67,40,466.8
350,67,Audiobook,10,510,2026-02-26,25.19,41,1032.79
351,253,Paperback,4,298,2025-10-15,18.41,15,276.15
352,100,Hardcover,2,121,2023-01-04,25.23,41,1034.43
353,107,Audiobook,3,218,2025-04-29,20.44,23,470.12
354,6,eBook,4,316,2024-02-17,9.77,5,48.85
355,154,Mass Market Paperback,1,117,2025-11-03,10.29,1,10.29
356,171,Audiobook,1,30,2024-07-15,27.23,40,1089.2
357,90,eBook,9,491,2024-02-02,13.83,44,608.52
358,243,Paperback,9,472,2023-03-14,16.4,41,672.4
359,275,Audiobook,1,58,2024-11-17,27.83,27,751.41
360,267,Mass Market Paperback,1,20,2024-09-05,11.89,21,249.69
361,107,eBook,1,68,2026-03-28,13.59,23,312.57
362,77,Hardcover,2,170,2024-07-28,28.38,25,709.5
363,293,Paperback,4,316,2025-03-17,16.97,49,831.53
364,162,eBook,3,244,2023-03-06,10.89,32,348.48
365,191,eBook,2,180,2025-07-14,9.5,20,190.0
366,58,Hardcover,7,455,2025-02-05,32.77,6,196.62
367,260,Audiobook,2,195,2023-02-21,29.04,10,290.4
368,175,Mass Market Paperback,2,147,2026-02-22,10.23,21,214.83
369,51,Paperback,9,471,2026-03-27,15.02,3,45.06
370,199,Hardcover,1,90,2025-09-25,25.03,3,75.09
371,171,Hardcover,4,320,2024-11-21,26.02,50,1301.0
372,12,eBook,4,329,2026-03-28,12.46,14,174.44
373,103,eBook,7,452,2024-01-30,9.93,21,208.53
374,61,Paperback,1,16,2024-07-12,14.78,8,118.24
375,287,Hardcover,4,327,2026-01-24,27.06,23,622.38
376,139,eBook,1,73,2023-10-17,12.01,11,132.11
377,160,Mass Market Paperback,1,30,2024-11-24,10.76,9,96.84
378,242,Hardcover,7,437,2023-04-14,28.83,6,172.98
379,201,Mass Market Paperback,8,457,2024-01-02,12.56,41,514.96
380,183,eBook,1,81,2024-10-01,13.71,46,630.66
381,239,Paperback,9,480,2026-03-08,14.45,45,650.25
382,50,eBook,9,477,2025-07-22,12.78,46,587.88
383,241,Paperback,4,265,2024-04-19,14.71,40,588.4
384,187,Paperback,5,339,2025-05-31,17.49,43,752.07
385,167,Audiobook,1,116,2025-07-17,20.29,31,628.99
386,180,Audiobook,5,357,2025-09-07,28.45,19,540.55
387,310,Paperback,1,110,2026-03-22,16.53,26,429.78
388,167,Hardcover,9,473,2026-02-12,32.91,35,1151.85
389,206,Paperback,2,163,2025-04-26,17.09,36,615.24
390,247,Hardcover,7,442,2025-02-25,28.4,45,1278.0
391,223,eBook,2,178,2026-03-07,11.8,16,188.8
392,40,Audiobook,9,475,2026-03-21,21.13,39,824.07
393,167,Hardcover,4,316,2026-02-10,33.21,12,398.52
394,208,Mass Market Paperback,5,389,2023-05-23,9.42,39,367.38
395,168,Hardcover,1,1,2025-10-09,25.9,9,233.1
396,76,Audiobook,8,458,2023-11-02,25.3,25,632.5
397,101,eBook,4,312,2024-02-26,10.09,44,443.96
398,223,Hardcover,10,523,2024-12-06,30.82,40,1232.8
399,207,eBook,1,55,2023-09-19,8.43,36,303.48
400,1,eBook,1,32,2026-02-20,8.76,19,166.44
401,121,Mass Market Paperback,5,392,2024-11-06,10.57,21,221.97
402,208,Audiobook,2,178,2025-02-20,25.44,43,1093.92
403,244,Paperback,6,428,2023-10-12,16.77,24,402.48
404,79,Paperback,1,17,2024-08-13,14.66,5,73.3
405,74,Audiobook,1,87,2025-09-23,29.74,9,267.66
406,71,Audiobook,7,436,2025-05-01,28.93,45,1301.85
407,93,Mass Market Paperback,5,394,2025-08-01,10.69,29,310.01
408,182,Paperback,10,511,2024-04-07,16.11,1,16.11
409,122,eBook,5,376,2026-01-15,10.87,35,380.45
410,18,Mass Market Paperback,1,116,2023-03-19,10.92,24,262.08
411,298,Hardcover,4,287,2026-01-23,26.41,47,1241.27
412,239,Hardcover,1,91,2025-11-24,30.22,40,1208.8
413,126,Hardcover,4,320,2025-08-25,31.83,35,1114.05
414,314,eBook,9,481,2023-04-19,11.74,1,11.74
415,233,Audiobook,6,432,2025-11-15,25.73,22,566.06
416,181,eBook,4,312,2024-08-26,9.16,45,412.2
417,289,Hardcover,2,174,2025-10-28,31.28,38,1188.64
418,294,eBook,1,28,2025-10-27,13.65,40,546.0
419,147,Hardcover,4,285,2025-09-19,26.26,5,131.3
420,130,Mass Market Paperback,1,15,2023-09-29,10.11,17,171.87
421,58,Mass Market Paperback,8,458,2023-12-24,11.95,43,513.85
422,190,eBook,10,497,2023-12-26,13.47,16,215.52
423,93,Hardcover,2,149,2025-10-15,28.42,6,170.52
424,305,Audiobook,5,393,2026-02-09,27.52,27,743.04
425,122,Paperback,5,354,2025-11-13,15.04,47,706.88
426,28,Hardcover,6,409,2024-06-25,25.52,30,765.6
427,244,Audiobook,3,240,2024-09-09,27.45,49,1345.05
428,195,Audiobook,7,446,2025-03-09,22.62,34,769.08
429,7,Audiobook,1,43,2024-08-14,23.81,21,500.01
430,50,eBook,4,280,2025-12-24,14.68,28,411.04
431,172,eBook,6,401,2024-07-07,13.61,17,231.37
432,237,Mass Market Paperback,5,346,2024-05-10,12.07,34,410.38
433,93,Mass Market Paperback,1,70,2025-03-09,9.03,1,9.03
434,7,Hardcover,8,457,2025-04-22,30.24,44,1330.56
435,180,eBook,1,25,2024-03-25,9.75,3,29.25
436,48,Mass Market Paperback,2,125,2023-04-27,11.62,14,162.68
437,62,Mass Market Paperback,2,190,2024-06-15,9.51,43,408.93
438,57,Paperback,1,78,2025-09-20,15.26,30,457.8
439,233,Audiobook,5,332,2024-07-20,26.91,43,1157.13
440,132,Hardcover,5,392,2023-11-28,27.76,4,111.04
441,199,Hardcover,2,183,2025-03-15,27.57,17,468.69
442,226,Audiobook,6,403,2023-10-26,29.78,13,387.14
443,92,Hardcover,7,442,2026-01-19,26.43,50,1321.5
444,112,Audiobook,1,36,2023-08-06,27.14,7,189.98
445,38,Mass Market Paperback,8,457,2023-05-25,11.9,50,595.0
446,10,Paperback,1,39,2025-10-16,17.25,1,17.25
447,200,Paperback,1,4,2024-06-29,17.49,26,454.74
448,264,Audiobook,1,72,2025-10-01,24.35,47,1144.45
449,277,Hardcover,9,494,2024-04-07,28.83,45,1297.35
450,63,Mass Market Paperback,5,342,2026-03-07,12.73,23,292.79
451,156,Hardcover,1,93,2025-05-07,31.31,42,1315.02
452,188,eBook,4,297,2025-12-30,8.55,30,256.5
453,104,Mass Market Paperback,2,196,2023-12-28,9.15,25,228.75
454,154,Hardcover,10,499,2025-03-09,31.3,23,719.9
455,44,Paperback,1,26,2025-06-15,14.69,13,190.97
456,304,Audiobook,4,316,2024-07-07,23.88,35,835.8
457,256,Audiobook,1,38,2025-12-29,29.66,2,59.32
458,174,eBook,6,416,2023-04-25,13.5,3,40.5
459,61,Mass Market Paperback,2,153,2024-03-09,10.82,44,476.08
460,297,Hardcover,10,501,2024-07-03,25.36,10,253.6
461,10,Mass Market Paperback,2,134,2025-08-23,9.17,45,412.65
462,8,Hardcover,8,468,2023-12-19,34.04,7,238.28
463,313,Mass Market Paperback,1,117,2025-05-23,9.25,7,64.75
464,255,Hardcover,5,346,2024-03-27,33.03,28,924.84
465,206,Hardcover,2,141,2024-10-26,34.75,37,1285.75
466,165,Hardcover,1,65,2024-03-12,30.92,22,680.24
467,62,Paperback,5,379,2024-12-24,17.78,11,195.58
468,284,Audiobook,1,42,2025-02-28,22.43,38,852.34
469,69,Mass Market Paperback,1,17,2023-07-24,10.49,11,115.39
470,250,Hardcover,4,291,2023-06-15,25.06,6,150.36
471,214,Paperback,4,278,2026-01-18,15.02,41,615.82
472,268,Audiobook,1,39,2025-07-11,22.38,12,268.56
473,306,Audiobook,4,309,2026-03-20,26.11,6,156.66
474,179,Hardcover,2,121,2025-05-07,30.57,13,397.41
475,272,Mass Market Paperback,10,520,2023-07-15,10.44,49,511.56
476,113,Paperback,1,116,2025-08-08,15.37,13,199.81
477,77,Audiobook,1,45,2025-08-29,21.75,43,935.25
478,28,eBook,5,343,2025-01-15,9.46,17,160.82
479,233,Hardcover,2,181,2023-03-30,32.39,35,1133.65
480,81,Audiobook,3,241,2023-03-01,25.14,5,125.7
481,228,Audiobook,5,334,2024-10-29,21.98,44,967.12
482,118,eBook,6,423,2023-08-14,9.58,16,153.28
483,103,Paperback,10,497,2025-02-08,14.36,38,545.68
484,28,Paperback,8,466,2025-06-11,15.07,40,602.8
485,92,eBook,2,199,2025-06-19,8.94,47,420.18
486,184,Paperback,1,62,2024-07-06,15.67,3,47.01
487,144,Hardcover,6,429,2023-10-07,33.51,30,1005.3
488,88,eBook,2,161,2026-03-29,9.53,19,181.07
489,314,Mass Market Paperback,1,89,2023-12-15,12.87,15,193.05
490,211,Audiobook,9,485,2025-12-04,28.61,14,400.54
491,237,Hardcover,3,253,2024-07-25,32.29,48,1549.92
492,127,Audiobook,2,153,2024-06-24,25.78,38,979.64
493,294,Audiobook,9,482,2025-10-15,29.79,3,89.37
494,259,Audiobook,1,101,2023-03-10,25.3,31,784.3
495,232,Paperback,1,13,2025-10-11,14.41,49,706.09
496,209,Paperback,1,93,2024-06-05,15.78,16,252.48
497,9,eBook,1,25,2025-09-09,9.12,30,273.6
498,233,Paperback,2,190,2025-08-07,18.36,26,477.36
499,190,Hardcover,5,395,2025-08-08,33.59,5,167.95
500,171,Hardcover,4,277,2025-01-25,27.96,49,1370.04
501,314,Mass Market Paperback,1,83,2026-01-15,12.17,44,535.48
502,172,Mass Market Paperback,5,373,2023-04-23,12.77,44,561.88
503,27,Audiobook,1,42,2023-08-16,23.65,40,946.0
504,188,Paperback,1,69,2025-01-20,17.23,46,792.58
505,288,Paperback,3,245,2026-01-19,14.68,22,322.96
506,277,Audiobook,3,215,2023-08-21,27.36,49,1340.64
507,116,eBook,6,434,2024-09-09,14.28,33,471.24
508,142,Hardcover,10,498,2023-04-22,28.72,29,832.88
509,257,Hardcover,4,300,2025-12-14,29.69,35,1039.15
510,232,Hardcover,1,90,2025-01-23,26.87,30,806.1
511,42,Paperback,1,112,2025-03-11,15.43,5,77.15
512,85,Hardcover,2,155,2024-07-19,31.96,32,1022.72
513,105,Hardcover,2,136,2025-12-02,27.92,44,1228.48
514,243,Audiobook,1,22,2024-12-11,24.43,42,1026.06
515,150,Hardcover,5,344,2024-01-23,25.21,15,378.15
516,211,eBook,10,498,2026-03-31,12.58,21,264.18
517,304,Mass Market Paperback,2,136,2026-02-24,10.77,20,215.4
518,157,eBook,4,296,2023-12-18,9.58,24,229.92
519,25,eBook,2,165,2023-10-31,9.98,11,109.78
520,275,Paperback,2,158,2024-08-07,18.86,46,867.56
521,83,Hardcover,2,130,2024-03-05,25.4,21,533.4
522,226,eBook,1,36,2024-11-20,9.28,36,334.08
523,163,Paperback,2,167,2024-12-05,15.85,35,554.75
524,274,Hardcover,10,512,2024-09-09,34.19,26,888.94
525,75,eBook,10,520,2025-07-27,9.08,48,435.84
526,170,Audiobook,2,151,2024-08-28,28.95,49,1418.55
527,290,eBook,9,491,2026-02-19,12.81,47,602.07
528,21,Mass Market Paperback,6,412,2023-10-13,9.46,2,18.92
529,113,eBook,2,200,2025-07-02,8.64,4,34.56
530,299,Paperback,4,285,2025-12-14,17.9,50,895.0
531,101,Hardcover,1,90,2023-02-16,30.37,29,880.73
532,263,Paperback,10,524,2025-03-18,16.44,39,641.16
533,29,Audiobook,5,379,2025-01-09,21.47,28,601.16
534,198,Hardcover,4,316,2025-02-02,27.84,23,640.32
535,229,Hardcover,6,426,2026-02-22,27.15,29,787.35
536,227,Paperback,6,425,2024-08-14,18.02,28,504.56
537,72,Paperback,5,344,2023-06-26,15.03,31,465.93
538,34,Hardcover,4,280,2025-02-08,25.06,41,1027.46
539,213,Mass Market Paperback,2,141,2023-12-25,10.84,37,401.08
540,103,Audiobook,1,44,2024-01-16,22.88,32,732.16
541,155,Audiobook,3,230,2024-09-14,25.58,30,767.4
542,14,Paperback,9,484,2023-01-06,15.3,41,627.3
543,64,Audiobook,3,251,2024-08-12,21.78,45,980.1
544,15,eBook,5,371,2024-01-05,11.44,5,57.2
545,298,Mass Market Paperback,9,488,2026-01-22,10.73,17,182.41
546,62,Mass Market Paperback,4,266,2025-04-05,11.92,2,23.84
547,84,Paperback,2,139,2023-04-30,15.59,45,701.55
548,183,Hardcover,5,365,2023-12-01,27.72,27,748.44
549,25,eBook,2,199,2024-08-16,11.7,5,58.5
550,94,Mass Market Paperback,5,331,2023-12-02,12.0,35,420.0
551,162,eBook,5,372,2024-09-08,12.79,45,575.55
552,50,Mass Market Paperback,1,14,2025-12-30,10.4,10,104.0
553,71,eBook,6,422,2025-11-27,10.6,32,339.2
554,175,Hardcover,3,227,2025-03-30,27.17,33,896.61
555,97,Mass Market Paperback,1,117,2026-02-18,11.75,34,399.5
556,214,Hardcover,1,18,2026-01-10,26.16,9,235.44
557,246,eBook,7,453,2024-12-14,12.83,9,115.47
558,306,eBook,1,30,2026-03-26,9.2,20,184.0
559,61,Paperback,3,233,2024-03-31,18.27,10,182.7
560,158,Paperback,7,436,2023-09-14,14.64,6,87.84
561,58,Hardcover,7,442,2023-06-09,32.74,49,1604.26
562,22,Hardcover,1,61,2024-02-07,25.32,43,1088.76
563,241,eBook,1,11,2023-09-01,8.29,20,165.8
564,50,Mass Market Paperback,2,190,2023-09-11,9.81,13,127.53
565,180,Hardcover,4,285,2023-03-01,26.45,48,1269.6
566,297,eBook,3,248,2025-02-23,9.11,33,300.63
567,259,Hardcover,1,15,2026-03-13,25.98,38,987.24
568,271,Paperback,1,5,2024-03-20,18.81,11,206.91
569,51,Mass Market Paperback,5,376,2025-05-22,12.4,31,384.4
570,302,Audiobook,2,186,2024-11-26,26.73,7,187.11
571,182,Audiobook,6,418,2025-02-16,22.13,15,331.95
572,58,Hardcover,2,140,2024-10-05,29.65,34,1008.1
573,254,eBook,1,85,2025-07-13,11.89,3,35.67
574,168,Hardcover,4,320,2025-10-08,28.84,30,865.2
575,228,Mass Market Paperback,2,194,2024-04-07,10.62,28,297.36
576,36,eBook,10,504,2026-01-17,9.25,44,407.0
577,54,Audiobook,1,88,2025-03-22,25.22,44,1109.68
578,62,Audiobook,1,105,2024-08-12,24.0,38,912.0
579,87,eBook,3,206,2023-09-22,14.82,22,326.04
580,305,Hardcover,10,512,2026-03-13,27.32,28,764.96
581,143,Audiobook,6,415,2024-07-13,23.55,43,1012.65
582,249,eBook,1,111,2025-11-13,9.02,30,270.6
583,63,Audiobook,2,138,2024-05-28,24.96,41,1023.36
584,16,Hardcover,1,28,2024-08-30,33.29,32,1065.28
585,92,Mass Market Paperback,4,311,2025-06-09,11.71,10,117.1
586,50,Mass Market Paperback,3,207,2023-06-06,12.06,30,361.8
587,151,Audiobook,5,352,2025-10-16,25.04,35,876.4
588,277,Hardcover,7,441,2026-01-24,34.52,3,103.56
589,61,Audiobook,7,454,2025-02-24,23.14,25,578.5
590,236,Hardcover,4,311,2023-03-15,26.76,43,1150.68
591,85,Audiobook,6,399,2025-10-03,21.33,46,981.18
592,250,Mass Market Paperback,9,482,2023-08-13,11.69,43,502.67
593,244,Paperback,4,270,2026-02-25,16.52,26,429.52
594,254,Audiobook,4,292,2026-03-06,26.16,23,601.68
595,165,Hardcover,5,376,2023-05-06,30.89,9,278.01
596,179,eBook,5,354,2023-02-25,10.65,28,298.2
597,183,eBook,3,254,2025-04-23,8.39,16,134.24
598,121,eBook,1,68,2025-06-15,12.14,45,546.3
599,157,eBook,5,334,2023-08-23,9.18,35,321.3
600,20,Audiobook,4,274,2025-08-01,25.67,27,693.09
601,11,Mass Market Paperback,5,387,2025-08-19,9.08,21,190.68
602,293,eBook,1,103,2025-03-19,12.0,32,384.0
603,106,Audiobook,5,348,2024-11-19,25.02,49,1225.98
604,86,eBook,10,509,2024-09-05,14.78,13,192.14
605,39,Paperback,4,305,2026-01-02,15.43,4,61.72
606,294,Paperback,1,98,2026-01-24,17.11,6,102.66
607,304,eBook,9,487,2025-01-24,8.46,34,287.64
608,219,eBook,4,310,2024-03-05,13.56,42,569.52
609,259,Audiobook,3,205,2024-09-06,26.62,21,559.02
610,213,eBook,2,185,2025-04-03,12.36,30,370.8
611,10,Paperback,9,479,2025-11-23,16.87,14,236.18
612,138,Mass Market Paperback,1,62,2025-12-27,12.4,28,347.2
613,268,eBook,2,155,2024-02-15,11.23,16,179.68
614,154,Audiobook,3,209,2025-06-10,23.18,5,115.9
615,212,eBook,3,242,2024-06-30,12.51,17,212.67
616,208,Hardcover,3,252,2024-05-03,26.49,2,52.98
617,159,Audiobook,6,433,2024-12-23,25.59,28,716.52
618,19,Paperback,4,265,2024-02-18,15.35,2,30.7
619,143,Paperback,10,498,2026-02-01,17.21,3,51.63
620,11,Hardcover,1,66,2023-04-24,28.13,20,562.6
621,209,Hardcover,2,144,2024-11-01,28.96,47,1361.12
622,121,Mass Market Paperback,3,258,2023-12-14,11.93,8,95.44
623,255,Paperback,4,321,2023-07-04,16.99,50,849.5
624,169,Paperback,2,148,2025-03-09,18.67,14,261.38
625,55,Paperback,6,419,2023-12-25,18.84,29,546.36
626,131,Audiobook,1,116,2023-04-25,25.32,45,1139.4
627,163,Audiobook,4,285,2026-01-22,24.74,16,395.84
628,75,Audiobook,1,22,2025-01-13,27.15,20,543.0
629,311,Hardcover,3,246,2023-11-07,31.9,43,1371.7
630,130,Audiobook,5,372,2026-02-05,23.08,45,1038.6
631,63,Paperback,1,9,2025-12-31,18.28,25,457.0
632,202,eBook,3,242,2024-06-07,8.62,49,422.38
633,153,Paperback,4,325,2024-03-06,18.57,41,761.37
634,209,Hardcover,10,504,2026-01-11,27.73,6,166.38
635,242,eBook,2,165,2025-04-25,13.01,7,91.07
636,134,Hardcover,5,335,2025-11-02,28.51,39,1111.89
637,233,Hardcover,7,455,2023-02-26,31.4,12,376.8
638,70,Audiobook,4,322,2023-01-07,21.99,20,439.8
639,295,Hardcover,2,134,2023-10-17,26.57,34,903.38
640,305,eBook,2,137,2026-03-14,11.15,48,535.2
641,134,Mass Market Paperback,3,204,2023-12-22,12.3,19,233.7
642,44,eBook,3,230,2025-04-28,9.26,25,231.5
643,11,Mass Market Paperback,3,235,2023-02-17,11.58,41,474.78
644,46,Paperback,1,51,2025-08-05,15.3,11,168.3
645,206,Mass Market Paperback,5,377,2025-05-28,10.03,6,60.18
646,88,Hardcover,7,446,2026-03-26,25.13,34,854.42
647,233,Hardcover,2,196,2025-10-09,27.23,14,381.22
648,137,Audiobook,3,212,2024-08-12,23.81,28,666.68
649,308,eBook,6,429,2024-03-17,13.08,13,170.04
650,93,Paperback,3,242,2025-06-15,14.13,17,240.21
651,231,eBook,8,470,2024-05-23,12.07,42,506.94
652,44,Audiobook,6,408,2023-01-22,21.32,21,447.72
653,109,Audiobook,4,263,2025-07-10,27.07,48,1299.36
654,38,Mass Market Paperback,3,241,2023-07-15,9.23,22,203.06
655,242,Mass Market Paperback,1,47,2024-12-26,12.75,39,497.25
656,3,Mass Market Paperback,6,405,2024-06-03,11.47,20,229.4
657,190,Mass Market Paperback,4,267,2023-09-28,9.15,12,109.8
658,87,Audiobook,2,136,2024-12-14,29.29,30,878.7
659,46,Mass Market Paperback,1,120,2024-10-11,10.72,17,182.24
660,161,Paperback,5,370,2023-04-01,16.49,18,296.82
661,221,eBook,4,271,2024-08-02,12.28,49,601.72
662,265,Audiobook,10,504,2024-10-03,28.92,21,607.32
663,78,Audiobook,1,56,2026-01-22,20.52,10,205.2
664,118,Hardcover,9,479,2024-01-11,29.69,11,326.59
665,224,Audiobook,10,497,2023-08-26,20.4,23,469.2
666,235,Hardcover,2,127,2025-10-06,33.45,10,334.5
667,179,Paperback,2,173,2023-07-11,18.33,12,219.96
668,261,Mass Market Paperback,3,218,2024-07-12,12.55,38,476.9
669,299,Mass Market Paperback,6,427,2023-01-09,12.06,12,144.72
670,40,Audiobook,1,27,2024-05-19,26.76,22,588.72
671,146,Hardcover,1,109,2025-09-15,28.93,38,1099.34
672,166,Hardcover,9,492,2023-11-11,25.8,46,1186.8
673,233,Mass Market Paperback,1,45,2024-07-05,11.62,22,255.64
674,232,Mass Market Paperback,4,290,2024-10-27,9.51,4,38.04
675,166,Hardcover,5,391,2023-04-24,30.46,39,1187.94
676,48,eBook,6,409,2025-03-27,9.24,50,462.0
677,46,Paperback,6,413,2023-02-12,14.8,50,740.0
678,146,Paperback,7,443,2025-08-11,14.59,32,466.88
679,159,Mass Market Paperback,1,99,2026-03-18,9.52,43,409.36
680,189,Paperback,9,488,2025-11-15,16.44,25,411.0
681,138,Mass Market Paperback,6,433,2026-02-27,10.68,49,523.32
682,189,Audiobook,1,42,2024-01-17,26.3,6,157.8
683,263,Audiobook,2,159,2024-11-30,26.75,42,1123.5
684,254,Mass Market Paperback,7,448,2025-12-30,9.33,30,279.9
685,41,eBook,4,308,2025-09-05,9.03,9,81.27
686,128,Audiobook,1,79,2025-12-07,22.94,4,91.76
687,24,Hardcover,1,97,2025-11-17,30.1,27,812.7
688,238,eBook,1,84,2026-03-10,10.48,38,398.24
689,258,Hardcover,2,184,2023-02-03,32.4,30,972.0
690,94,Hardcover,4,305,2025-08-04,25.82,46,1187.72
691,161,Audiobook,5,350,2025-07-20,26.23,17,445.91
692,96,Paperback,4,266,2024-03-08,14.38,39,560.82
693,55,Mass Market Paperback,1,120,2025-06-07,9.06,26,235.56
694,7,Audiobook,10,499,2023-12-18,24.59,26,639.34
695,156,Audiobook,2,129,2025-02-14,28.04,6,168.24
696,70,Paperback,2,193,2023-01-29,14.55,2,29.1
697,14,Audiobook,3,248,2024-03-04,26.48,42,1112.16
698,224,Paperback,9,475,2026-01-08,14.42,50,721.0
699,76,Audiobook,2,157,2025-08-28,20.21,11,222.31
700,228,Audiobook,3,249,2025-09-20,20.19,29,585.51
701,104,Mass Market Paperback,1,53,2024-08-26,12.31,26,320.06
702,171,Hardcover,7,443,2023-08-09,31.29,46,1439.34
703,213,Mass Market Paperback,4,298,2025-10-12,11.37,36,409.32
704,19,Audiobook,10,500,2025-09-25,24.85,38,944.3
705,119,Mass Market Paperback,4,324,2023-05-05,9.07,37,335.59
706,284,eBook,9,485,2025-01-07,14.24,27,384.48
707,60,Mass Market Paperback,8,460,2025-10-10,12.75,23,293.25
708,224,Paperback,9,481,2023-02-12,15.43,13,200.59
709,177,Paperback,5,348,2025-06-16,16.53,38,628.14
710,309,Audiobook,6,400,2026-03-10,21.3,19,404.7
711,214,Audiobook,3,213,2025-11-20,27.99,11,307.89
712,145,Audiobook,2,161,2023-06-26,21.28,13,276.64
713,311,Hardcover,4,311,2025-02-17,32.92,32,1053.44
714,121,Mass Market Paperback,5,368,2024-03-23,9.18,2,18.36
715,134,Paperback,1,33,2025-01-01,14.86,33,490.38
716,33,Audiobook,2,124,2024-11-22,21.13,15,316.95
717,288,Audiobook,5,364,2025-05-15,22.57,22,496.54
718,24,eBook,1,107,2026-02-14,14.26,45,641.7
719,26,Audiobook,1,114,2025-06-15,29.62,49,1451.38
720,55,Mass Market Paperback,2,172,2023-07-28,9.16,7,64.12
721,61,eBook,7,453,2024-02-25,9.09,19,172.71
722,260,Hardcover,5,343,2025-10-17,26.53,24,636.72
723,71,Paperback,1,7,2023-09-09,16.19,27,437.13
724,126,eBook,1,88,2025-08-28,10.0,11,110.0
725,137,Audiobook,3,252,2025-02-01,23.6,43,1014.8
726,78,Audiobook,7,440,2025-12-26,27.86,9,250.74
727,212,Audiobook,5,371,2025-04-18,29.51,34,1003.34
728,16,Paperback,1,72,2025-08-17,17.84,46,820.64
729,44,eBook,2,169,2024-11-23,10.8,50,540.0
730,223,Audiobook,2,155,2023-05-06,27.58,43,1185.94
731,295,Mass Market Paperback,6,412,2023-08-28,12.88,27,347.76
732,284,eBook,5,353,2026-02-26,13.04,21,273.84
733,5,Mass Market Paperback,6,414,2024-07-26,11.43,10,114.3
734,229,Mass Market Paperback,7,453,2024-02-25,11.49,40,459.6
735,177,Paperback,1,38,2025-04-08,18.39,6,110.34
736,276,Audiobook,2,130,2024-11-16,27.24,48,1307.52
737,267,eBook,4,320,2026-01-12,9.49,33,313.17
738,267,Paperback,4,265,2024-11-28,14.11,35,493.85
739,124,Audiobook,1,62,2024-09-14,29.86,8,238.88
740,191,Mass Market Paperback,2,128,2024-06-15,10.41,4,41.64
741,230,Mass Market Paperback,5,348,2025-07-12,11.94,30,358.2
742,121,Mass Market Paperback,3,240,2025-11-23,11.25,41,461.25
743,180,eBook,2,144,2024-09-04,12.66,46,582.36
744,194,Paperback,2,198,2025-11-30,14.52,34,493.68
745,185,Hardcover,6,422,2025-02-21,26.46,28,740.88
746,42,Hardcover,9,488,2023-07-08,29.24,9,263.16
747,110,Hardcover,6,413,2025-10-08,28.68,34,975.12
748,302,Mass Market Paperback,10,511,2025-12-14,12.11,17,205.87
749,217,Audiobook,2,167,2025-06-20,27.31,27,737.37
750,74,Paperback,2,133,2025-11-01,16.41,30,492.3
751,263,Hardcover,9,485,2025-12-19,31.93,30,957.9
752,17,Mass Market Paperback,6,419,2025-08-22,10.47,8,83.76
753,57,eBook,2,157,2024-02-09,11.99,3,35.97
754,61,eBook,4,302,2025-01-30,14.93,20,298.6
755,249,Paperback,6,432,2023-02-27,14.7,38,558.6
756,25,eBook,10,501,2024-09-16,9.5,48,456.0
757,2,Mass Market Paperback,6,428,2023-09-08,10.38,3,31.14
758,247,eBook,5,387,2026-03-19,11.95,22,262.9
759,244,Paperback,8,461,2023-09-29,16.51,30,495.3
760,230,eBook,6,420,2025-02-09,8.62,40,344.8
761,199,Audiobook,7,454,2024-12-03,23.38,3,70.14
762,143,Paperback,4,317,2023-07-01,17.53,37,648.61
763,288,Hardcover,2,198,2025-12-17,31.43,6,188.58
764,278,Hardcover,2,194,2025-11-05,34.56,34,1175.04
765,244,Hardcover,2,185,2025-10-26,26.19,35,916.65
766,10,Paperback,7,455,2024-07-17,15.22,46,700.12
767,44,Mass Market Paperback,1,47,2025-12-28,10.27,38,390.26
768,252,eBook,1,25,2023-02-17,11.05,27,298.35
769,271,Audiobook,1,102,2024-10-11,22.56,8,180.48
770,278,eBook,1,92,2025-04-10,9.0,17,153.0
771,79,Audiobook,5,334,2024-09-20,26.78,4,107.12
772,93,Hardcover,4,328,2024-05-20,27.97,7,195.79
773,73,eBook,1,54,2025-04-25,9.8,8,78.4
774,104,Mass Market Paperback,10,521,2024-05-05,11.33,32,362.56
775,259,Hardcover,9,476,2025-02-27,27.68,21,581.28
776,284,Hardcover,3,240,2025-07-02,29.83,27,805.41
777,10,Mass Market Paperback,1,104,2024-07-05,12.84,44,564.96
778,127,Mass Market Paperback,4,312,2025-09-13,11.6,9,104.4
779,291,Audiobook,10,513,2025-10-24,20.83,41,854.03
780,105,eBook,3,252,2023-10-19,11.77,11,129.47
781,276,Mass Market Paperback,9,476,2025-05-17,10.8,1,10.8
782,149,Hardcover,4,280,2023-12-09,25.59,31,793.29
783,307,Audiobook,3,218,2024-05-28,29.98,41,1229.18
784,300,Mass Market Paperback,1,72,2026-03-15,10.12,11,111.32
785,154,Audiobook,4,287,2023-07-03,26.97,9,242.73
786,222,Mass Market Paperback,5,351,2024-03-30,11.01,21,231.21
787,134,eBook,5,350,2025-07-16,9.71,21,203.91
788,108,Mass Market Paperback,2,137,2025-07-30,10.3,45,463.5
789,2,Hardcover,2,178,2025-09-02,34.0,44,1496.0
790,212,Audiobook,1,84,2026-02-12,27.61,35,966.35
791,40,Hardcover,8,456,2026-01-08,33.92,43,1458.56
792,64,Audiobook,6,397,2024-12-23,28.26,23,649.98
793,91,Hardcover,8,456,2023-01-18,29.62,13,385.06
794,5,Hardcover,5,367,2024-03-29,32.57,44,1433.08
795,99,Mass Market Paperback,3,227,2023-07-04,11.49,46,528.54
796,120,eBook,3,215,2025-10-08,8.25,32,264.0
797,4,Audiobook,10,513,2024-02-06,21.1,18,379.8
798,253,Mass Market Paperback,2,180,2024-01-01,9.77,48,468.96
799,34,Hardcover,3,234,2023-09-20,26.26,37,971.62
800,268,Paperback,3,259,2024-07-15,18.23,2,36.46
801,287,Hardcover,1,54,2025-12-24,34.37,42,1443.54
802,166,Audiobook,9,478,2025-06-04,22.73,44,1000.12
803,254,Mass Market Paperback,3,230,2025-07-14,12.03,47,565.41
804,25,Audiobook,1,6,2024-07-23,25.31,21,531.51
805,201,eBook,1,26,2024-02-03,8.56,37,316.72
806,116,Audiobook,3,202,2025-09-22,29.57,16,473.12
807,85,eBook,1,100,2024-11-05,8.43,41,345.63
808,15,Audiobook,5,343,2025-01-08,28.07,38,1066.66
809,129,Hardcover,1,56,2024-05-21,29.73,22,654.06
810,171,Paperback,7,450,2025-01-14,18.71,50,935.5
811,49,Mass Market Paperback,1,35,2025-07-03,9.49,4,37.96
812,194,Hardcover,7,453,2024-10-03,32.82,4,131.28
813,29,Mass Market Paperback,1,105,2024-09-09,11.49,5,57.45
814,29,Hardcover,6,412,2026-02-19,27.94,25,698.5
815,50,Paperback,1,11,2025-04-21,18.31,43,787.33
816,233,Audiobook,1,104,2025-02-25,27.94,40,1117.6
817,174,Audiobook,2,198,2023-02-23,25.16,38,956.08
818,56,Hardcover,2,199,2025-02-17,30.94,5,154.7
819,294,Mass Market Paperback,9,493,2025-11-15,10.02,27,270.54
820,228,Paperback,1,62,2024-01-16,14.68,3,44.04
821,66,Mass Market Paperback,5,367,2024-09-30,10.73,42,450.66
822,160,Paperback,5,352,2026-01-13,14.73,20,294.6
823,150,Hardcover,2,149,2025-01-25,30.17,43,1297.31
824,30,Mass Market Paperback,1,56,2024-05-01,12.27,36,441.72
825,217,Paperback,3,207,2024-12-05,18.87,41,773.67
826,36,Paperback,9,479,2025-09-01,17.33,45,779.85
827,308,Mass Market Paperback,4,307,2024-11-09,11.25,22,247.5
828,215,Paperback,10,508,2024-11-04,14.51,3,43.53
829,113,Paperback,3,219,2023-01-08,17.46,30,523.8
830,123,eBook,3,211,2025-09-11,13.64,25,341.0
831,205,Hardcover,5,367,2024-01-13,28.62,5,143.1
832,16,Hardcover,2,200,2025-12-10,26.41,29,765.89
833,300,eBook,3,204,2026-02-23,8.3,2,16.6
834,102,Paperback,2,179,2024-08-09,15.08,17,256.36
835,174,Paperback,2,181,2026-02-09,14.88,2,29.76
836,135,Hardcover,5,389,2023-07-27,33.3,9,299.7
837,57,Paperback,5,379,2024-09-19,15.52,16,248.32
838,191,Mass Market Paperback,7,445,2023-12-17,12.9,40,516.0
839,34,Paperback,2,195,2023-08-31,18.4,9,165.6
840,99,Audiobook,7,440,2025-12-26,26.93,21,565.53
841,126,Mass Market Paperback,4,302,2023-04-05,11.34,35,396.9
842,77,Paperback,2,130,2024-11-02,14.26,18,256.68
843,261,Paperback,1,67,2025-09-28,17.63,31,546.53
844,86,Audiobook,10,522,2025-11-07,27.5,42,1155.0
845,192,Mass Market Paperback,5,383,2026-02-23,10.85,21,227.85
846,270,Audiobook,6,411,2025-09-16,24.73,38,939.74
847,299,Paperback,8,463,2023-03-16,15.09,13,196.17
848,121,Paperback,2,161,2024-09-30,15.52,25,388.0
849,192,Mass Market Paperback,1,87,2024-10-11,9.33,49,457.17
850,152,Mass Market Paperback,1,43,2025-06-29,10.4,38,395.2
851,239,Mass Market Paperback,9,479,2025-11-15,10.34,29,299.86
852,222,eBook,4,280,2025-05-10,13.62,21,286.02
853,196,Paperback,1,78,2023-02-20,16.2,17,275.4
854,184,eBook,1,81,2023-06-18,13.89,33,458.37
855,142,Hardcover,1,40,2024-04-11,26.18,24,628.32
856,280,eBook,3,257,2024-08-29,9.37,22,206.14
857,155,Paperback,4,268,2024-07-16,17.52,9,157.68
858,5,eBook,6,416,2024-09-05,13.75,26,357.5
859,297,Audiobook,2,153,2023-04-07,26.53,49,1299.97
860,204,Paperback,9,486,2024-05-02,17.61,14,246.54
861,120,Mass Market Paperback,9,480,2025-11-22,12.13,49,594.37
862,237,Hardcover,7,440,2024-11-28,28.12,13,365.56
863,214,Audiobook,1,31,2025-09-04,24.49,36,881.64
864,192,Mass Market Paperback,1,10,2024-02-17,12.49,20,249.8
865,256,eBook,6,414,2024-12-27,9.57,28,267.96
866,276,eBook,1,33,2024-09-05,12.1,37,447.7
867,72,eBook,6,401,2023-11-11,11.97,39,466.83
868,196,Audiobook,2,193,2024-02-23,20.63,25,515.75
869,244,eBook,4,312,2023-08-11,11.98,29,347.42
870,48,Hardcover,1,33,2023-12-18,31.74,12,380.88
871,309,Hardcover,6,396,2025-09-19,26.86,5,134.3
872,146,Paperback,1,72,2024-05-16,15.45,34,525.3
873,233,eBook,5,335,2023-04-28,11.62,11,127.82
874,211,Paperback,6,429,2025-03-11,18.94,9,170.46
875,245,Audiobook,2,134,2023-05-21,29.54,14,413.56
876,106,Audiobook,9,487,2024-09-26,28.17,43,1211.31
877,82,eBook,8,470,2026-03-23,12.1,33,399.3
878,142,Hardcover,1,66,2024-02-18,34.9,29,1012.1
879,205,Mass Market Paperback,10,503,2024-05-20,10.31,37,381.47
880,236,Mass Market Paperback,4,295,2025-08-05,9.15,6,54.9
881,234,eBook,6,426,2025-09-14,10.73,12,128.76
882,128,Mass Market Paperback,5,394,2024-01-03,11.92,30,357.6
883,94,Audiobook,3,246,2023-12-04,26.98,3,80.94
884,81,Mass Market Paperback,3,223,2024-07-14,10.16,5,50.8
885,253,Mass Market Paperback,1,79,2024-09-04,9.47,24,227.28
886,54,eBook,3,259,2025-10-30,10.86,11,119.46
887,107,Hardcover,9,473,2025-11-02,29.61,5,148.05
888,196,Audiobook,1,39,2024-12-04,28.55,26,742.3
889,6,Hardcover,5,335,2024-05-28,32.08,9,288.72
890,238,Audiobook,3,249,2025-09-19,20.67,36,744.12
891,225,Audiobook,2,175,2023-10-15,28.19,11,310.09
892,10,Paperback,6,401,2023-07-25,15.46,35,541.1
893,87,Hardcover,7,452,2023-10-05,31.76,10,317.6
894,184,Paperback,3,222,2023-12-31,17.56,44,772.64
895,227,Mass Market Paperback,1,106,2023-04-08,11.55,46,531.3
896,200,Audiobook,1,50,2024-09-23,20.51,1,20.51
897,194,Paperback,3,205,2024-02-18,15.86,16,253.76
898,47,Audiobook,5,346,2023-02-02,20.27,1,20.27
899,99,Paperback,2,172,2023-05-10,18.78,7,131.46
900,86,Audiobook,5,331,2023-04-01,25.12,21,527.52
901,288,Paperback,6,405,2025-12-07,17.11,35,598.85
902,220,Paperback,5,332,2023-09-05,15.06,23,346.38
903,89,Audiobook,6,399,2023-01-31,26.53,1,26.53
904,109,Paperback,5,378,2024-10-22,14.32,18,257.76
905,23,Paperback,10,512,2023-05-18,16.05,50,802.5
906,53,Mass Market Paperback,5,333,2026-01-03,9.68,7,67.76
907,199,Paperback,4,326,2026-03-04,15.65,41,641.65
908,247,eBook,8,460,2023-05-19,8.11,38,308.18
909,196,Paperback,1,14,2025-11-12,16.51,46,759.46
910,120,Mass Market Paperback,4,317,2023-02-13,12.03,8,96.24
911,122,Paperback,2,141,2025-11-01,17.09,4,68.36
912,192,eBook,3,210,2026-02-23,9.4,25,235.0
913,20,Mass Market Paperback,5,337,2024-05-02,12.94,29,375.26
914,69,eBook,1,41,2024-07-23,12.5,49,612.5
915,267,eBook,5,340,2025-04-29,13.24,15,198.6
916,176,Paperback,3,255,2024-05-11,16.69,43,717.67
917,114,Mass Market Paperback,1,7,2025-02-20,10.28,29,298.12
918,34,Hardcover,2,145,2025-10-03,34.53,4,138.12
919,105,Hardcover,3,210,2023-09-15,26.73,36,962.28
920,121,Hardcover,4,319,2025-01-22,29.25,30,877.5
921,85,Paperback,3,255,2024-02-09,16.11,39,628.29
922,156,Mass Market Paperback,3,207,2024-09-13,10.78,41,441.98
923,140,Hardcover,6,408,2025-09-12,34.5,24,828.0
924,194,Audiobook,7,444,2023-12-10,24.4,33,805.2
925,80,Hardcover,1,86,2025-09-14,32.61,28,913.08
926,154,Paperback,4,264,2026-01-05,16.75,12,201.0
927,195,eBook,9,493,2025-08-07,11.17,25,279.25
928,37,Paperback,2,159,2024-11-13,17.56,13,228.28
929,98,Hardcover,5,384,2023-01-09,33.61,47,1579.67
930,252,Audiobook,5,383,2025-04-08,29.39,48,1410.72
931,197,eBook,1,73,2025-09-29,12.48,38,474.24
932,210,Hardcover,2,167,2024-11-30,28.84,37,1067.08
933,100,eBook,5,357,2025-06-12,13.39,49,656.11
934,261,eBook,5,395,2025-09-27,12.87,42,540.54
935,218,Paperback,1,29,2025-03-25,16.38,24,393.12
936,76,Mass Market Paperback,2,151,2024-06-19,10.81,44,475.64
937,131,Mass Market Paperback,2,166,2024-05-21,11.3,43,485.9
938,7,Hardcover,6,408,2023-08-28,31.43,25,785.75
939,301,Mass Market Paperback,2,170,2023-09-15,12.63,28,353.64
940,219,eBook,5,392,2024-06-01,11.49,35,402.15
941,301,Audiobook,1,92,2024-12-24,27.51,47,1292.97
942,56,Paperback,6,408,2025-10-22,15.34,14,214.76
943,158,Paperback,1,100,2023-01-14,18.07,1,18.07
944,36,Mass Market Paperback,7,442,2025-11-18,10.66,19,202.54
945,88,eBook,3,203,2026-03-19,9.29,9,83.61
946,250,Mass Market Paperback,3,218,2024-01-08,12.78,29,370.62
947,96,Hardcover,2,197,2024-02-16,32.49,49,1592.01
948,133,Audiobook,1,112,2025-04-17,26.26,40,1050.4
949,86,eBook,4,284,2023-06-13,8.59,8,68.72
950,33,Hardcover,10,497,2024-12-01,30.85,31,956.35
951,52,Hardcover,1,43,2023-01-20,27.65,1,27.65
952,50,Mass Market Paperback,4,273,2024-03-08,12.16,25,304.0
953,249,eBook,5,380,2025-08-27,12.22,22,268.84
954,176,Paperback,6,409,2024-10-07,18.69,43,803.67
955,194,eBook,1,4,2023-04-28,14.1,7,98.7
956,234,Paperback,4,287,2025-11-09,14.12,8,112.96
957,128,Audiobook,9,487,2025-01-24,26.17,43,1125.31
958,264,Paperback,4,330,2025-04-26,14.01,41,574.41
959,9,Hardcover,5,334,2025-01-07,34.69,48,1665.12
960,228,Mass Market Paperback,1,84,2024-04-23,10.93,48,524.64
961,179,Audiobook,1,103,2025-05-26,29.86,45,1343.7
962,198,Mass Market Paperback,10,517,2024-08-24,9.77,10,97.7
963,17,Audiobook,9,479,2025-08-07,27.96,20,559.2
964,87,Audiobook,3,247,2026-01-20,29.54,31,915.74
965,125,Paperback,1,92,2024-03-09,17.76,43,763.68
966,55,Hardcover,5,393,2025-06-09,26.59,21,558.39
967,144,eBook,2,127,2024-03-27,12.65,43,543.95
968,70,Audiobook,5,341,2025-12-30,20.89,45,940.05
969,115,Mass Market Paperback,5,387,2026-03-25,9.25,22,203.5
970,196,Audiobook,4,266,2026-02-24,28.07,15,421.05
971,60,Hardcover,2,193,2024-08-18,26.1,22,574.2
972,60,eBook,5,390,2026-03-19,8.88,21,186.48
973,296,Hardcover,2,195,2025-11-23,28.1,38,1067.8
974,199,eBook,2,130,2025-06-16,13.39,44,589.16
975,267,Hardcover,9,472,2024-03-30,28.94,35,1012.9
976,162,eBook,8,467,2023-10-24,13.85,32,443.2
977,76,Paperback,1,36,2024-08-03,17.73,45,797.85
978,307,eBook,2,127,2024-10-17,11.51,45,517.95
979,141,Audiobook,10,507,2026-03-21,26.3,14,368.2
980,150,Hardcover,2,157,2025-02-10,34.8,22,765.6
981,108,Hardcover,2,184,2024-04-05,34.22,50,1711.0
982,250,eBook,2,164,2025-03-13,14.88,43,639.84
983,12,Audiobook,9,485,2026-01-27,23.36,44,1027.84
984,179,Audiobook,4,290,2025-03-12,20.71,47,973.37
985,145,Mass Market Paperback,5,332,2024-02-04,10.57,9,95.13
986,298,eBook,2,141,2024-11-11,11.19,11,123.09
987,227,eBook,3,224,2025-09-15,14.27,14,199.78
988,101,eBook,1,105,2023-01-19,13.07,37,483.59
989,76,Audiobook,1,58,2025-02-10,26.78,11,294.58
990,50,Audiobook,2,121,2024-12-29,21.79,4,87.16
991,264,Mass Market Paperback,6,414,2024-11-24,10.73,10,107.3
992,126,Hardcover,4,310,2023-03-11,27.4,32,876.8
993,306,Audiobook,1,92,2026-03-20,27.75,43,1193.25
994,238,eBook,5,377,2025-02-21,12.42,29,360.18
995,6,Hardcover,10,522,2023-09-03,25.82,32,826.24
996,116,Mass Market Paperback,9,492,2023-11-09,11.28,37,417.36
997,141,Mass Market Paperback,7,445,2023-07-13,9.71,31,301.01
998,153,Paperback,2,190,2026-03-16,14.49,5,72.45
999,208,Audiobook,10,501,2023-02-10,25.55,35,894.25
1000,33,Mass Market Paperback,2,128,2025-11-28,11.15,42,468.3
1001,107,Paperback,2,185,2023-08-29,18.3,45,823.5
1002,3,Audiobook,1,41,2026-02-10,28.0,8,224.0
1003,66,Paperback,4,263,2026-03-23,17.25,6,103.5
1004,18,Hardcover,2,176,2023-06-23,30.05,24,721.2
1005,217,Paperback,4,301,2023-01-01,15.49,34,526.66
1006,274,Paperback,4,321,2025-06-30,16.88,45,759.6
1007,268,Mass Market Paperback,1,102,2024-12-22,11.14,14,155.96
1008,23,Hardcover,3,221,2024-04-30,26.87,20,537.4
1009,69,Paperback,2,132,2026-02-04,16.95,18,305.1
1010,217,Mass Market Paperback,2,168,2023-06-02,10.01,25,250.25
1011,205,Hardcover,7,436,2025-07-23,34.44,44,1515.36
1012,74,Paperback,4,276,2026-01-02,14.34,47,673.98
1013,99,Mass Market Paperback,2,168,2025-02-01,11.62,33,383.46
1014,215,eBook,5,389,2023-11-11,14.94,28,418.32
1015,14,Hardcover,1,113,2024-05-21,27.69,35,969.15
1016,281,Hardcover,5,372,2025-05-09,28.28,6,169.68
1017,171,eBook,4,281,2025-10-05,9.01,15,135.15
1018,6,Audiobook,5,388,2023-07-20,29.78,15,446.7
1019,54,Paperback,10,502,2023-09-10,16.62,20,332.4
1020,49,eBook,4,278,2025-12-19,12.89,19,244.91
1021,312,Hardcover,6,399,2023-07-22,26.7,49,1308.3
1022,93,Mass Market Paperback,9,489,2025-04-11,11.2,26,291.2
1023,304,eBook,2,160,2023-11-23,8.06,33,265.98
1024,65,Audiobook,1,55,2023-10-20,25.67,18,462.06
1025,190,Mass Market Paperback,2,188,2024-05-25,10.66,30,319.8
1026,225,Audiobook,7,439,2024-12-25,25.01,18,450.18
1027,267,eBook,4,313,2024-04-13,12.44,6,74.64
1028,209,eBook,1,82,2025-12-23,13.91,41,570.31
1029,40,Hardcover,1,87,2024-05-06,26.64,4,106.56
1030,147,Audiobook,6,435,2026-02-08,28.07,1,28.07
1031,261,Audiobook,2,128,2023-10-07,24.97,44,1098.68
1032,208,Mass Market Paperback,1,8,2023-01-29,9.75,48,468.0
1033,218,eBook,1,44,2026-01-14,9.7,48,465.6
1034,311,Paperback,3,231,2025-01-04,17.36,49,850.64
1035,90,eBook,5,362,2023-06-03,13.87,33,457.71
1036,27,Audiobook,1,116,2025-05-15,23.78,24,570.72
1037,174,Mass Market Paperback,4,298,2024-05-26,12.39,8,99.12
1038,154,eBook,6,404,2025-09-16,9.84,1,9.84
1039,112,Mass Market Paperback,9,475,2024-09-16,12.29,3,36.87
1040,250,eBook,5,337,2023-04-28,8.03,30,240.9
1041,153,Hardcover,2,191,2024-12-25,25.04,47,1176.88
1042,206,Hardcover,3,203,2024-12-27,26.0,32,832.0
1043,44,Mass Market Paperback,2,127,2025-12-19,12.58,27,339.66
1044,250,Paperback,3,232,2023-01-15,17.84,17,303.28
1045,241,eBook,2,187,2025-03-20,10.08,28,282.24
1046,275,Hardcover,7,450,2024-07-05,34.88,43,1499.84
1047,83,eBook,5,368,2023-11-26,13.22,1,13.22
1048,102,Paperback,6,405,2024-02-14,15.41,9,138.69
1049,216,Hardcover,9,491,2024-11-09,26.59,13,345.67
1050,137,Audiobook,2,131,2023-09-01,24.88,32,796.16
1051,167,Mass Market Paperback,6,399,2025-03-29,11.89,48,570.72
1052,68,Hardcover,2,160,2023-08-13,32.92,9,296.28
1053,177,Hardcover,1,54,2025-10-21,32.66,16,522.56
1054,176,Mass Market Paperback,9,492,2025-05-29,11.94,28,334.32
1055,149,Audiobook,3,254,2024-07-31,20.82,28,582.96
1056,79,Paperback,1,118,2025-11-13,15.24,50,762.0
1057,135,Audiobook,1,106,2024-05-21,21.97,46,1010.62
1058,258,Paperback,2,153,2024-01-07,18.95,38,720.1
1059,118,Paperback,2,197,2023-09-04,16.0,18,288.0
1060,75,Hardcover,1,53,2025-05-23,31.15,6,186.9
1061,195,Mass Market Paperback,3,237,2025-04-14,10.22,41,419.02
1062,114,Audiobook,7,438,2024-11-19,24.78,33,817.74
1063,27,Hardcover,5,360,2024-09-15,27.68,18,498.24
1064,215,eBook,1,42,2024-05-20,14.26,12,171.12
1065,1,eBook,4,287,2023-04-17,9.47,31,293.57
1066,311,Audiobook,5,373,2024-01-14,21.84,32,698.88
1067,172,Hardcover,2,134,2024-09-15,25.96,1,25.96
1068,170,eBook,5,381,2025-01-08,13.19,38,501.22
1069,122,Paperback,1,109,2025-05-29,16.91,6,101.46
1070,67,Hardcover,2,196,2023-09-04,30.86,42,1296.12
1071,99,Hardcover,5,352,2025-07-01,25.74,35,900.9
1072,155,Paperback,1,45,2025-08-29,16.66,10,166.6
1073,66,Audiobook,5,356,2024-01-28,25.49,17,433.33
1074,188,Hardcover,9,495,2025-07-07,34.1,5,170.5
1075,215,Mass Market Paperback,4,281,2025-12-08,12.15,11,133.65
1076,67,Hardcover,2,195,2024-08-16,34.55,4,138.2
1077,204,Mass Market Paperback,2,170,2025-01-30,12.47,5,62.35
1078,225,Audiobook,6,411,2025-11-09,25.61,25,640.25
1079,311,Paperback,3,224,2024-07-07,14.91,11,164.01
1080,304,Mass Market Paperback,4,266,2023-03-25,10.81,46,497.26
1081,156,eBook,2,122,2024-05-03,12.95,36,466.2
1082,88,Hardcover,1,41,2026-03-20,30.33,19,576.27
1083,76,Paperback,3,255,2024-07-22,15.34,4,61.36
1084,108,Hardcover,5,378,2025-12-30,25.0,23,575.0
1085,167,Mass Market Paperback,6,419,2023-06-20,10.05,9,90.45
1086,314,eBook,1,11,2024-08-26,14.89,41,610.49
1087,183,eBook,1,109,2024-03-25,9.23,2,18.46
1088,196,Mass Market Paperback,3,226,2024-06-11,11.19,29,324.51
1089,167,Paperback,6,405,2024-07-04,16.9,49,828.1
1090,80,Paperback,5,378,2025-07-02,17.64,28,493.92
1091,76,Hardcover,2,190,2025-09-08,29.95,30,898.5
1092,91,Mass Market Paperback,2,185,2024-01-22,10.95,47,514.65
1093,145,eBook,6,404,2023-02-13,9.13,12,109.56
1094,312,Hardcover,3,252,2024-01-20,26.43,28,740.04
1095,233,Hardcover,1,13,2025-04-04,32.23,9,290.07
1096,309,Audiobook,1,14,2024-08-17,23.83,8,190.64
1097,23,Paperback,2,147,2023-09-28,17.84,18,321.12
1098,308,Hardcover,5,347,2023-01-28,34.57,7,241.99
1099,44,Paperback,7,455,2024-02-19,16.39,37,606.43
1100,84,eBook,1,58,2024-09-21,11.34,16,181.44
1101,279,eBook,1,22,2026-01-31,12.38,8,99.04
1102,23,Mass Market Paperback,6,426,2023-07-30,10.18,33,335.94
1103,73,Paperback,5,395,2023-01-03,14.11,28,395.08
1104,76,eBook,5,394,2024-12-24,9.57,44,421.08
1105,58,Paperback,1,105,2025-10-04,18.94,15,284.1
1106,145,Hardcover,5,370,2025-01-01,31.15,8,249.2
1107,44,Mass Market Paperback,5,343,2023-03-30,9.59,28,268.52
1108,308,Audiobook,4,309,2024-01-07,21.49,43,924.07
1109,147,Hardcover,5,378,2024-12-14,27.7,32,886.4
1110,136,Hardcover,2,151,2023-06-06,33.61,10,336.1
1111,164,Audiobook,1,69,2023-10-30,24.46,31,758.26
1112,58,Audiobook,2,149,2026-03-29,29.59,18,532.62
1113,47,Paperback,5,362,2024-10-23,14.9,25,372.5
1114,164,Audiobook,5,342,2025-10-09,24.8,27,669.6
1115,71,Audiobook,10,505,2024-05-18,24.18,32,773.76
1116,273,Paperback,6,432,2026-01-03,15.91,38,604.58
1117,270,Paperback,5,371,2026-03-29,17.51,16,280.16
1118,2,Hardcover,2,137,2024-02-21,28.61,31,886.91
1119,57,eBook,2,143,2023-12-09,10.52,50,526.0
1120,151,Paperback,6,432,2025-07-31,18.17,36,654.12
1121,125,Paperback,2,121,2024-03-07,14.27,9,128.43
1122,74,Hardcover,5,381,2025-02-12,31.95,28,894.6
1123,28,Mass Market Paperback,2,162,2023-08-06,9.29,39,362.31
1124,16,eBook,1,79,2024-10-18,8.98,16,143.68
1125,7,Audiobook,9,482,2026-03-11,21.49,12,257.88
1126,72,eBook,5,346,2025-12-16,11.28,47,530.16
1127,228,eBook,1,33,2023-01-28,8.77,4,35.08
1128,310,Mass Market Paperback,6,434,2023-12-22,9.63,26,250.38
1129,233,eBook,4,314,2026-02-08,14.42,33,475.86
1130,117,Paperback,5,387,2024-12-23,15.35,6,92.1
1131,65,Audiobook,6,402,2024-03-09,26.18,15,392.7
1132,95,Mass Market Paperback,9,480,2026-02-19,12.36,45,556.2
1133,245,Audiobook,1,56,2024-10-03,28.26,11,310.86
1134,191,Paperback,1,80,2025-05-18,15.34,7,107.38
1135,186,Hardcover,1,110,2025-04-09,27.39,11,301.29
1136,34,Mass Market Paperback,2,193,2024-03-09,9.03,20,180.6
1137,283,Hardcover,1,46,2025-01-24,27.39,6,164.34
1138,289,Hardcover,4,317,2026-02-19,25.47,6,152.82
1139,5,eBook,2,200,2024-12-31,14.7,33,485.1
1140,162,eBook,1,100,2025-03-11,14.81,45,666.45
1141,170,Mass Market Paperback,2,154,2025-04-14,9.39,50,469.5
1142,13,Audiobook,4,298,2025-02-21,25.85,3,77.55
1143,83,Audiobook,1,96,2023-12-08,20.78,41,851.98
1144,119,Paperback,10,514,2024-03-17,17.83,11,196.13
1145,265,eBook,5,348,2025-12-07,11.12,9,100.08
1146,149,Mass Market Paperback,1,41,2025-01-07,12.41,28,347.48
1147,199,Paperback,1,77,2024-12-09,18.98,39,740.22
1148,79,Audiobook,2,147,2026-03-07,20.96,1,20.96
1149,159,Hardcover,4,322,2025-03-18,29.98,30,899.4
1150,87,eBook,5,373,2026-02-28,9.12,18,164.16
1151,181,Hardcover,9,472,2023-07-02,26.78,50,1339.0
1152,133,eBook,2,144,2025-08-27,13.33,29,386.57
1153,64,Audiobook,6,411,2026-03-10,20.39,19,387.41
1154,210,Audiobook,4,322,2025-03-03,23.66,40,946.4
1155,192,Audiobook,1,44,2023-10-26,25.05,17,425.85
1156,30,Mass Market Paperback,4,298,2024-05-16,9.02,7,63.14
1157,193,Mass Market Paperback,3,229,2023-11-21,10.59,5,52.95
1158,199,Hardcover,9,477,2025-07-26,28.48,30,854.4
1159,56,Paperback,7,444,2025-01-30,17.65,26,458.9
1160,103,eBook,10,498,2025-04-02,8.44,22,185.68
1161,109,Audiobook,1,40,2025-06-29,21.13,30,633.9
1162,280,Audiobook,4,328,2024-07-14,21.45,14,300.3
1163,291,Mass Market Paperback,5,371,2024-10-05,12.09,4,48.36
1164,221,Paperback,6,434,2025-08-27,14.26,2,28.52
1165,139,Paperback,4,281,2024-05-31,14.41,5,72.05
1166,208,eBook,6,430,2023-06-17,14.11,29,409.19
1167,269,eBook,1,95,2024-03-14,9.28,4,37.12
1168,220,eBook,6,430,2024-12-01,9.14,23,210.22
1169,247,Mass Market Paperback,7,448,2025-08-31,11.75,11,129.25
1170,182,Audiobook,3,204,2026-03-14,28.22,36,1015.92
1171,40,Mass Market Paperback,4,325,2026-03-30,9.57,43,411.51
1172,8,Audiobook,4,325,2023-11-05,29.33,32,938.56
1173,59,eBook,8,462,2025-04-12,11.63,1,11.63
1174,65,Mass Market Paperback,2,193,2025-07-09,9.38,14,131.32
1175,216,Paperback,5,357,2026-01-23,16.99,14,237.86
1176,108,Mass Market Paperback,5,373,2024-01-27,12.81,24,307.44
1177,9,eBook,10,512,2024-09-10,11.5,8,92.0
1178,234,Audiobook,7,437,2025-11-21,23.51,35,822.85
1179,268,Hardcover,7,439,2024-11-18,34.25,30,1027.5
1180,192,Mass Market Paperback,7,447,2024-05-05,11.37,35,397.95
1181,196,Audiobook,1,102,2024-08-06,26.33,45,1184.85
1182,45,Hardcover,6,422,2023-08-01,31.49,40,1259.6
1183,54,Mass Market Paperback,7,455,2025-10-13,12.7,7,88.9
1184,258,eBook,3,229,2023-03-08,13.95,14,195.3
1185,233,Audiobook,2,128,2026-02-03,21.14,31,655.34
1186,180,Audiobook,6,406,2025-08-08,29.07,42,1220.94
1187,4,Paperback,4,271,2025-02-06,16.53,18,297.54
1188,158,Paperback,1,34,2025-04-29,14.01,27,378.27
1189,8,Paperback,4,326,2023-02-23,17.94,34,609.96
1190,172,Mass Market Paperback,6,401,2023-12-16,12.96,16,207.36
1191,99,Hardcover,7,440,2025-03-16,33.0,37,1221.0
1192,66,Paperback,2,163,2025-03-10,16.01,21,336.21
1193,224,Hardcover,10,517,2024-04-18,32.09,9,288.81
1194,61,Audiobook,4,267,2026-03-27,28.42,41,1165.22
1195,284,eBook,1,27,2025-02-25,9.42,6,56.52
1196,224,Mass Market Paperback,1,81,2023-01-24,9.6,40,384.0
1197,293,Hardcover,8,465,2025-03-03,32.41,9,291.69
1198,184,Paperback,4,305,2024-01-18,17.25,15,258.75
1199,100,Paperback,4,267,2026-01-01,17.62,25,440.5
1200,27,Hardcover,1,24,2024-07-17,34.34,41,1407.94
1201,297,Hardcover,2,126,2023-10-11,29.58,39,1153.62
1202,55,eBook,1,96,2023-10-18,9.82,12,117.84
1203,40,eBook,6,401,2025-10-09,14.38,14,201.32
1204,52,Hardcover,1,79,2025-10-02,29.13,32,932.16
1205,108,Audiobook,8,462,2025-05-09,28.89,41,1184.49
1206,83,eBook,1,33,2024-01-06,8.06,12,96.72
1207,61,eBook,1,6,2024-12-03,11.38,40,455.2
1208,82,eBook,1,31,2025-12-04,14.48,13,188.24
1209,275,Mass Market Paperback,3,222,2023-02-17,11.04,10,110.4
1210,187,Paperback,3,226,2025-01-09,14.14,9,127.26
1211,43,eBook,1,95,2023-09-17,9.91,13,128.83
1212,179,eBook,7,447,2026-02-03,11.26,32,360.32
1213,263,Paperback,4,288,2025-03-30,15.24,13,198.12
1214,202,Mass Market Paperback,4,320,2023-07-30,12.16,38,462.08
1215,85,Audiobook,6,434,2024-02-26,24.32,29,705.28
1216,306,eBook,1,111,2026-03-29,13.7,40,548.0
1217,311,Audiobook,5,383,2024-10-29,21.99,23,505.77
1218,33,Paperback,3,260,2025-07-09,18.44,33,608.52
1219,301,eBook,5,361,2025-07-21,12.22,42,513.24
1220,204,Hardcover,7,440,2023-10-12,26.79,21,562.59
1221,96,Paperback,5,381,2025-01-02,14.35,43,617.05
1222,191,eBook,1,12,2023-10-25,8.85,21,185.85
1223,169,Audiobook,3,239,2024-03-13,25.66,21,538.86
1224,288,Audiobook,3,223,2025-02-23,22.83,14,319.62
1225,53,eBook,1,77,2026-02-22,13.0,43,559.0
1226,294,Audiobook,4,326,2026-03-28,26.81,28,750.68
1227,164,Paperback,10,511,2024-02-10,14.24,32,455.68
1228,24,Audiobook,2,176,2024-07-16,21.18,29,614.22
1229,308,Mass Market Paperback,1,22,2024-10-31,10.52,37,389.24
1230,146,Mass Market Paperback,4,292,2023-11-06,12.94,30,388.2
1231,68,Hardcover,1,41,2025-04-04,33.95,34,1154.3
1232,173,Hardcover,4,309,2023-02-03,29.69,27,801.63
1233,141,eBook,4,321,2024-10-11,10.79,36,388.44
1234,253,Hardcover,8,466,2025-03-29,28.92,45,1301.4
1235,253,Hardcover,1,106,2025-11-26,33.42,40,1336.8
1236,15,Hardcover,1,108,2024-04-21,33.24,9,299.16
1237,166,Paperback,5,378,2025-06-11,14.84,13,192.92
1238,276,Hardcover,1,114,2023-01-11,27.59,3,82.77
1239,25,Hardcover,5,389,2024-09-15,27.63,45,1243.35
1240,139,Paperback,2,130,2023-12-15,16.91,8,135.28
1241,164,Mass Market Paperback,8,458,2023-10-31,12.54,27,338.58
1242,63,Mass Market Paperback,10,502,2025-12-04,9.95,31,308.45
1243,144,Audiobook,4,304,2024-10-21,22.25,17,378.25
1244,43,Mass Market Paperback,3,211,2024-12-23,12.33,16,197.28
1245,40,Audiobook,3,222,2023-06-03,20.59,1,20.59
1246,240,Paperback,3,214,2025-02-27,16.43,22,361.46
1247,303,Mass Market Paperback,4,320,2026-03-24,11.05,21,232.05
1248,233,Mass Market Paperback,3,225,2023-11-12,9.41,9,84.69
1249,187,Audiobook,3,208,2025-05-28,28.67,33,946.11
1250,205,Hardcover,4,315,2024-01-20,27.77,11,305.47
1251,296,Hardcover,1,113,2025-08-24,26.46,7,185.22
1252,124,Audiobook,9,488,2023-02-03,21.86,2,43.72
1253,272,eBook,1,87,2025-07-16,9.85,36,354.6
1254,182,Paperback,7,442,2025-06-02,14.74,33,486.42
1255,261,Hardcover,1,101,2024-11-14,29.4,24,705.6
1256,26,Audiobook,6,413,2025-02-22,21.93,13,285.09
1257,91,Mass Market Paperback,7,444,2024-07-19,11.42,34,388.28
1258,56,Paperback,1,118,2024-12-25,18.78,15,281.7
1259,28,Mass Market Paperback,1,104,2023-03-15,10.05,5,50.25
1260,142,Mass Market Paperback,6,402,2024-04-08,11.79,26,306.54
1261,202,Paperback,4,275,2023-07-27,17.66,45,794.7
1262,254,Paperback,4,295,2025-02-04,17.92,23,412.16
1263,306,Hardcover,9,489,2026-03-22,25.93,33,855.69
1264,157,Paperback,2,171,2024-05-03,15.57,5,77.85
1265,96,Audiobook,9,486,2024-11-11,21.41,1,21.41
1266,220,Hardcover,1,79,2024-11-15,26.77,17,455.09
1267,88,Hardcover,1,2,2026-03-27,30.93,31,958.83
1268,251,Audiobook,4,298,2024-05-21,21.08,2,42.16
1269,117,Mass Market Paperback,1,97,2025-04-06,9.66,10,96.6
1270,52,eBook,5,360,2024-09-15,11.16,48,535.68
1271,280,Audiobook,1,14,2024-10-26,22.53,30,675.9
1272,181,eBook,10,496,2024-09-08,14.23,50,711.5
1273,58,Mass Market Paperback,2,152,2024-07-06,11.9,2,23.8
1274,211,Paperback,3,251,2024-03-27,15.78,2,31.56
1275,296,Audiobook,1,92,2025-11-27,23.58,48,1131.84
1276,100,Hardcover,8,461,2025-02-12,34.64,41,1420.24
1277,270,eBook,5,340,2023-12-25,14.36,23,330.28
1278,201,eBook,5,352,2025-05-04,10.16,3,30.48
1279,314,Audiobook,5,356,2023-09-09,27.94,37,1033.78
1280,148,Hardcover,2,151,2023-08-14,29.98,44,1319.12
1281,239,Mass Market Paperback,2,167,2023-11-04,12.86,40,514.4
1282,156,eBook,1,16,2025-10-31,8.44,19,160.36
1283,233,Paperback,2,127,2023-03-25,15.41,38,585.58
1284,28,eBook,1,1,2025-09-27,8.03,23,184.69
1285,26,Paperback,10,515,2024-05-29,15.74,19,299.06
1286,288,Hardcover,3,202,2025-04-10,32.12,10,321.2
1287,222,eBook,5,364,2023-07-08,9.52,31,295.12
1288,128,Audiobook,4,268,2025-03-02,23.98,7,167.86
1289,155,Paperback,5,331,2024-09-28,16.81,44,739.64
1290,297,Paperback,3,205,2023-12-24,15.24,27,411.48
1291,155,Hardcover,9,473,2024-09-16,27.96,41,1146.36
1292,280,Audiobook,1,99,2024-08-11,27.81,28,778.68
1293,71,Audiobook,5,367,2025-12-14,26.93,33,888.69
1294,240,Audiobook,9,473,2024-12-26,24.66,27,665.82
1295,15,Mass Market Paperback,6,432,2026-03-27,9.1,50,455.0
1296,46,Mass Market Paperback,10,525,2023-10-15,12.62,16,201.92
1297,192,Mass Market Paperback,4,301,2024-01-24,11.16,37,412.92
1298,28,Paperback,9,474,2025-03-15,16.0,1,16.0
1299,266,Hardcover,1,110,2025-07-31,25.84,18,465.12
1300,171,Hardcover,9,494,2025-03-31,33.21,37,1228.77
1301,170,Hardcover,10,524,2023-05-05,32.39,44,1425.16
1302,28,Mass Market Paperback,10,508,2024-02-24,9.57,48,459.36
1303,70,Paperback,1,7,2024-04-02,15.49,20,309.8
1304,249,Hardcover,2,124,2024-02-16,25.66,10,256.6
1305,267,Paperback,1,26,2023-07-18,15.01,31,465.31
1306,259,Audiobook,4,308,2025-06-27,20.55,8,164.4
1307,208,Paperback,4,267,2025-09-17,18.09,35,633.15
1308,314,Mass Market Paperback,1,23,2025-06-18,9.48,10,94.8
1309,95,Paperback,3,206,2023-10-18,14.84,48,712.32
1310,244,eBook,10,505,2025-09-10,10.02,7,70.14
1311,189,Audiobook,9,476,2024-07-17,23.85,7,166.95
1312,214,Paperback,2,124,2025-12-23,14.13,30,423.9
1313,289,Hardcover,8,456,2026-01-02,30.8,3,92.4
1314,22,Paperback,8,470,2024-12-27,16.33,47,767.51
1315,142,Paperback,3,216,2023-01-19,15.78,33,520.74
1316,179,Audiobook,2,156,2025-12-11,25.12,12,301.44
1317,181,eBook,4,286,2026-02-27,11.21,9,100.89
1318,156,Hardcover,10,496,2025-04-23,34.15,42,1434.3
1319,193,Mass Market Paperback,10,520,2025-08-24,11.63,37,430.31
1320,270,Paperback,5,357,2024-06-14,17.48,38,664.24
1321,300,Audiobook,2,163,2026-01-17,20.67,2,41.34
1322,119,Hardcover,9,488,2023-07-17,29.98,44,1319.12
1323,166,Paperback,5,394,2024-04-19,14.52,12,174.24
1324,216,Hardcover,1,39,2023-05-12,31.11,8,248.88
1325,38,eBook,2,179,2025-06-23,12.24,2,24.48
1326,165,Audiobook,3,205,2023-08-09,23.77,41,974.57
1327,101,Audiobook,3,231,2024-06-01,24.37,19,463.03
1328,104,Audiobook,1,89,2023-11-28,28.13,13,365.69
1329,299,Hardcover,1,6,2023-02-19,27.03,9,243.27
1330,185,Audiobook,5,349,2026-01-14,25.67,5,128.35
1331,95,Audiobook,9,486,2025-12-17,21.89,14,306.46
1332,257,eBook,2,142,2024-12-22,12.32,36,443.52
1333,35,Audiobook,1,81,2025-06-17,26.24,5,131.2
1334,66,eBook,3,237,2025-11-25,8.7,32,278.4
1335,27,eBook,3,258,2026-01-12,8.15,19,154.85
1336,200,Hardcover,4,295,2025-01-02,33.71,11,370.81
1337,39,Mass Market Paperback,10,513,2025-12-30,9.96,34,338.64
1338,160,Mass Market Paperback,1,114,2025-03-28,9.22,45,414.9
1339,299,eBook,5,347,2025-08-22,12.56,3,37.68
1340,216,Paperback,1,61,2024-06-18,15.66,49,767.34
1341,72,Mass Market Paperback,1,64,2024-02-23,12.26,22,269.72
1342,121,Hardcover,1,37,2025-01-08,33.05,37,1222.85
1343,178,Audiobook,1,83,2023-05-25,25.97,40,1038.8
1344,283,Paperback,1,107,2025-11-04,15.34,3,46.02
1345,19,Mass Market Paperback,7,442,2025-10-14,9.89,23,227.47
1346,245,Paperback,1,27,2024-09-13,14.1,4,56.4
1347,101,Mass Market Paperback,1,19,2025-12-30,12.43,44,546.92
1348,283,Hardcover,2,129,2025-11-07,28.86,25,721.5
1349,221,Mass Market Paperback,2,121,2025-05-24,9.54,29,276.66
1350,189,Paperback,3,244,2024-12-21,15.71,4,62.84
1351,119,Mass Market Paperback,1,47,2023-07-08,9.03,27,243.81
1352,8,Hardcover,7,450,2024-05-26,25.76,9,231.84
1353,93,Hardcover,3,251,2025-02-06,28.13,39,1097.07
1354,150,Mass Market Paperback,2,126,2023-09-23,10.58,43,454.94
1355,40,eBook,10,507,2023-06-06,14.56,14,203.84
1356,183,Audiobook,4,300,2024-03-27,27.12,24,650.88
1357,126,eBook,10,516,2025-12-14,10.22,35,357.7
1358,54,eBook,10,498,2023-04-21,14.29,46,657.34
1359,144,Paperback,3,237,2023-06-10,18.55,34,630.7
1360,157,Paperback,2,146,2026-02-06,14.6,47,686.2
1361,19,Audiobook,1,117,2024-04-26,26.49,30,794.7
1362,11,Hardcover,5,394,2025-10-18,27.69,38,1052.22
1363,154,Hardcover,5,394,2023-06-23,27.78,40,1111.2
1364,254,Audiobook,3,230,2024-07-28,23.84,3,71.52
1365,106,Paperback,1,54,2025-02-15,17.29,35,605.15
1366,157,Mass Market Paperback,5,345,2023-03-06,12.04,2,24.08
1367,135,Hardcover,7,445,2024-03-19,28.4,40,1136.0
1368,219,Hardcover,4,295,2023-04-27,30.52,47,1434.44
1369,274,Audiobook,4,267,2025-08-07,25.72,37,951.64
1370,84,Audiobook,2,136,2025-02-19,27.45,16,439.2
1371,8,eBook,4,303,2024-07-28,8.59,16,137.44
1372,173,Audiobook,5,371,2026-03-15,20.38,18,366.84
1373,138,Mass Market Paperback,4,329,2024-05-28,9.04,20,180.8
1374,136,Audiobook,1,10,2024-01-02,24.62,29,713.98
1375,239,eBook,3,224,2023-03-17,11.35,36,408.6
1376,210,Mass Market Paperback,4,322,2024-12-20,12.75,18,229.5
1377,33,Paperback,4,266,2025-06-21,15.28,18,275.04
1378,254,Paperback,1,51,2024-11-16,17.14,10,171.4
1379,120,Hardcover,7,451,2023-08-23,26.83,33,885.39
1380,297,Hardcover,1,63,2024-12-22,30.52,15,457.8
1381,133,Hardcover,1,46,2024-06-11,31.77,23,730.71
1382,308,eBook,7,455,2024-04-25,8.75,33,288.75
1383,58,Hardcover,5,381,2025-11-12,27.36,21,574.56
1384,213,Audiobook,1,26,2023-05-27,28.75,10,287.5
1385,168,eBook,5,384,2025-01-07,14.82,42,622.44
1386,241,Mass Market Paperback,1,46,2024-08-25,9.11,24,218.64
1387,149,Mass Market Paperback,3,217,2023-11-04,9.09,39,354.51
1388,161,Mass Market Paperback,5,353,2025-11-12,12.12,46,557.52
1389,111,Mass Market Paperback,2,154,2025-02-14,9.12,47,428.64
1390,196,Hardcover,10,516,2023-06-10,34.58,15,518.7
1391,295,Mass Market Paperback,1,53,2025-09-04,11.92,34,405.28
1392,311,Mass Market Paperback,4,276,2025-01-28,11.07,21,232.47
1393,100,eBook,3,249,2026-03-24,14.37,22,316.14
1394,186,Audiobook,3,247,2024-09-06,23.14,8,185.12
1395,228,eBook,10,518,2025-04-19,8.55,36,307.8
1396,40,Audiobook,6,429,2025-01-11,26.04,29,755.16
1397,118,Paperback,6,418,2026-03-12,18.62,16,297.92
1398,300,Paperback,5,350,2026-01-29,17.02,19,323.38
1399,161,Hardcover,2,152,2023-08-30,29.08,33,959.64
1400,295,Paperback,1,16,2026-02-07,18.49,30,554.7
1401,86,Audiobook,9,482,2023-09-05,22.62,36,814.32
1402,52,Hardcover,2,171,2023-09-16,33.33,2,66.66
1403,38,Mass Market Paperback,6,433,2023-09-29,12.46,25,311.5
1404,182,Audiobook,4,301,2023-09-19,26.96,16,431.36
1405,61,eBook,1,111,2024-11-20,12.13,40,485.2
1406,24,eBook,8,461,2023-06-01,14.64,27,395.28
1407,224,Audiobook,2,188,2024-08-15,26.99,47,1268.53
1408,302,Hardcover,5,379,2025-10-24,26.51,1,26.51
1409,233,eBook,4,287,2025-02-15,11.06,33,364.98
1410,50,eBook,10,521,2024-04-20,11.44,4,45.76
1411,219,eBook,2,183,2024-08-07,10.68,49,523.32
1412,74,Paperback,4,322,2023-03-27,16.14,18,290.52
1413,51,eBook,4,281,2025-10-05,9.15,19,173.85
1414,250,Paperback,4,266,2025-06-17,18.42,19,349.98
1415,311,Hardcover,4,286,2025-11-12,34.24,43,1472.32
1416,73,Paperback,2,173,2023-07-16,16.75,33,552.75
1417,15,Hardcover,2,200,2025-05-09,34.59,35,1210.65
1418,4,Hardcover,7,437,2025-09-27,28.69,19,545.11
1419,228,Paperback,1,113,2025-12-02,18.15,19,344.85
1420,62,Audiobook,2,141,2025-06-17,24.92,6,149.52
1421,143,eBook,3,228,2023-08-27,13.62,48,653.76
1422,39,Paperback,8,465,2024-10-31,16.53,18,297.54
1423,263,eBook,7,444,2023-06-01,14.24,3,42.72
1424,52,eBook,1,37,2025-12-03,9.32,36,335.52
1425,5,Paperback,3,201,2024-05-18,16.92,15,253.8
1426,136,Paperback,10,509,2025-08-20,16.41,12,196.92
1427,145,Paperback,3,220,2023-09-27,17.16,6,102.96
1428,2,Hardcover,3,214,2025-06-08,29.9,40,1196.0
1429,92,Audiobook,5,390,2023-07-06,26.87,40,1074.8
1430,299,eBook,2,185,2024-04-25,11.38,43,489.34
1431,154,eBook,6,402,2024-04-19,12.67,32,405.44
1432,307,Mass Market Paperback,3,225,2025-01-01,10.91,7,76.37
1433,58,Audiobook,3,254,2024-08-11,29.68,21,623.28
1434,218,Paperback,1,117,2024-11-11,16.31,21,342.51
1435,178,Paperback,10,501,2025-03-26,17.86,31,553.66
1436,308,Paperback,10,520,2025-04-23,14.13,18,254.34
1437,111,Hardcover,4,268,2025-04-17,30.61,21,642.81
1438,163,Audiobook,6,409,2025-04-22,28.08,28,786.24
1439,134,eBook,5,348,2023-04-22,11.39,15,170.85
1440,24,Audiobook,2,171,2024-09-23,24.09,37,891.33
1441,275,Hardcover,5,338,2024-02-27,34.47,40,1378.8
1442,67,Hardcover,5,389,2026-01-10,34.49,2,68.98
1443,47,eBook,1,65,2024-11-13,13.36,36,480.96
1444,26,Paperback,2,161,2025-11-28,15.8,13,205.4
1445,275,Paperback,5,383,2025-03-21,15.44,11,169.84
1446,170,Paperback,1,14,2025-04-26,16.75,16,268.0
1447,19,Mass Market Paperback,10,497,2023-02-11,9.4,26,244.4
1448,22,eBook,3,254,2023-11-18,10.1,15,151.5
1449,18,Hardcover,6,411,2024-07-11,33.12,25,828.0
1450,68,Hardcover,6,426,2024-07-06,25.76,33,850.08
1451,11,Mass Market Paperback,1,98,2023-01-31,11.41,10,114.1
1452,302,Paperback,5,332,2025-06-25,18.15,20,363.0
1453,218,Hardcover,3,208,2025-12-22,28.01,30,840.3
1454,52,Mass Market Paperback,7,440,2024-06-25,10.88,19,206.72
1455,48,Audiobook,4,292,2024-03-31,25.6,31,793.6
1456,274,Paperback,6,404,2025-11-03,15.9,32,508.8
1457,191,Hardcover,1,26,2026-01-24,29.51,37,1091.87
1458,204,Paperback,1,112,2025-11-09,16.23,31,503.13
1459,160,Paperback,1,98,2024-11-11,18.04,6,108.24
1460,288,Paperback,3,256,2025-04-17,18.31,32,585.92
1461,43,Audiobook,3,239,2023-10-17,26.15,31,810.65
1462,31,eBook,5,346,2025-10-07,10.87,48,521.76
1463,78,eBook,6,417,2024-08-08,12.81,39,499.59
1464,3,Paperback,10,512,2024-07-03,17.77,32,568.64
1465,161,eBook,1,84,2024-04-27,11.22,31,347.82
1466,54,Hardcover,1,14,2025-05-21,28.75,49,1408.75
1467,83,Hardcover,1,117,2024-12-19,26.65,29,772.85
1468,20,Audiobook,10,499,2025-05-18,21.7,34,737.8
1469,72,Audiobook,2,121,2026-01-25,23.98,19,455.62
1470,223,eBook,5,381,2024-08-25,11.65,40,466.0
1471,289,Paperback,3,210,2025-09-09,15.44,44,679.36
1472,315,Mass Market Paperback,9,474,2025-01-30,11.41,31,353.71
1473,108,Paperback,9,486,2024-11-07,14.81,46,681.26
1474,6,Audiobook,1,69,2024-10-12,21.78,31,675.18
1475,3,Paperback,8,470,2024-09-30,14.99,7,104.93
1476,170,Hardcover,2,161,2023-07-13,31.24,39,1218.36
1477,35,Mass Market Paperback,1,15,2024-12-18,12.52,23,287.96
1478,99,eBook,4,314,2024-07-16,13.74,28,384.72
1479,189,eBook,3,208,2025-04-05,11.92,42,500.64
1480,40,Hardcover,2,183,2023-11-09,32.3,18,581.4
1481,135,Hardcover,5,393,2026-02-28,26.26,34,892.84
1482,170,Mass Market Paperback,9,485,2026-03-24,11.41,48,547.68
1483,108,Hardcover,1,94,2023-12-11,32.82,14,459.48
1484,315,Paperback,5,332,2023-10-28,14.81,1,14.81
1485,40,Paperback,7,436,2023-04-17,16.55,29,479.95
1486,242,eBook,3,247,2024-10-31,11.49,8,91.92
1487,287,Audiobook,9,486,2025-11-23,27.73,46,1275.58
1488,182,Mass Market Paperback,3,220,2024-09-30,10.26,6,61.56
1489,86,Paperback,7,453,2024-07-22,18.19,36,654.84
1490,251,Hardcover,5,357,2024-05-28,30.57,28,855.96
1491,92,eBook,5,355,2023-06-08,13.98,50,699.0
1492,218,Mass Market Paperback,5,392,2025-02-19,11.23,13,145.99
1493,192,Hardcover,2,200,2024-05-09,26.95,24,646.8
1494,3,eBook,3,260,2024-09-27,8.65,24,207.6
1495,258,Mass Market Paperback,4,282,2023-01-27,10.08,42,423.36
1496,246,Hardcover,3,260,2025-03-26,34.95,46,1607.7
1497,141,Mass Market Paperback,9,483,2023-04-28,12.28,46,564.88
1498,312,Audiobook,1,107,2025-07-19,21.73,48,1043.04
1499,20,Hardcover,2,157,2025-01-26,31.12,46,1431.52
1500,91,Hardcover,1,58,2023-09-27,29.19,8,233.52
1501,330,Mass Market Paperback,4,295,2026-02-21,11.49,50,574.5
1502,322,Hardcover,1,33,2023-02-12,33.05,5,165.25
1503,317,eBook,4,303,2025-05-03,10.57,36,380.52
1504,322,Audiobook,4,272,2023-07-25,23.97,12,287.64
1505,330,Paperback,6,399,2024-11-04,18.38,29,533.02
1506,329,Paperback,4,281,2026-02-24,15.79,14,221.06
1507,330,Audiobook,9,488,2026-03-18,21.83,31,676.73
1508,337,Hardcover,1,16,2025-07-17,30.31,30,909.3
1509,319,Audiobook,1,5,2024-11-06,20.71,42,869.82
1510,334,eBook,4,327,2025-12-27,12.42,38,471.96
1511,329,Paperback,6,407,2024-06-19,14.67,4,58.68
1512,317,eBook,4,300,2023-04-08,11.57,36,416.52
1513,321,Hardcover,3,236,2025-06-18,31.95,27,862.65
1514,322,Audiobook,5,374,2023-08-28,21.71,18,390.78
1515,318,Paperback,5,363,2026-02-20,17.87,12,214.44
1516,336,Hardcover,2,154,2023-10-29,32.24,9,290.16
1517,333,Hardcover,5,389,2023-06-27,32.58,42,1368.36
1518,321,Paperback,2,165,2024-12-25,17.06,49,835.94
1519,326,eBook,2,193,2023-04-19,13.66,28,382.48
1520,325,Hardcover,1,13,2024-01-03,26.46,42,1111.32
1521,323,Hardcover,7,455,2025-02-10,32.82,16,525.12
1522,335,Paperback,7,455,2023-06-14,18.37,11,202.07
1523,327,eBook,6,407,2024-06-02,12.12,38,460.56
1524,316,Paperback,4,293,2024-09-07,14.65,1,14.65
1525,333,eBook,1,75,2024-08-28,8.86,28,248.08
1526,317,Paperback,5,343,2024-12-25,17.02,21,357.42
1527,337,Hardcover,3,233,2025-10-06,28.76,18,517.68
1528,333,Hardcover,6,410,2023-11-05,32.63,19,619.97
1529,329,Paperback,1,56,2025-11-15,14.86,27,401.22
1530,322,eBook,1,97,2024-05-10,9.14,37,338.18
1531,329,Mass Market Paperback,2,135,2023-01-09,12.76,13,165.88
1532,321,Hardcover,2,188,2024-09-07,34.88,17,592.96
1533,334,Paperback,1,37,2025-05-31,14.01,42,588.42
1534,332,Audiobook,3,239,2025-03-21,20.73,38,787.74
1535,326,Paperback,1,94,2025-06-09,16.38,40,655.2
1536,327,Paperback,10,497,2025-10-25,15.15,37,560.55
1537,322,Audiobook,2,138,2023-07-25,26.1,12,313.2
1538,331,Paperback,2,172,2024-05-23,18.19,17,309.23
1539,336,Mass Market Paperback,3,233,2026-03-14,9.3,16,148.8
1540,337,Audiobook,3,248,2025-11-23,25.23,5,126.15
1541,324,Mass Market Paperback,1,100,2024-10-25,10.33,13,134.29
1542,336,Hardcover,2,195,2023-07-15,29.36,21,616.56
1543,317,Paperback,4,262,2024-08-22,15.33,43,659.19
1544,316,Mass Market Paperback,5,374,2026-03-28,10.17,47,477.99
1545,319,eBook,4,313,2023-11-23,10.71,45,481.95
1546,332,Paperback,5,364,2024-06-17,16.25,2,32.5
1547,323,Mass Market Paperback,1,19,2023-10-17,9.3,25,232.5
1548,327,Audiobook,1,76,2024-10-13,22.44,10,224.4
1549,316,Paperback,4,263,2023-03-01,15.05,22,331.1
1550,318,Audiobook,1,83,2023-01-02,21.13,28,591.64
1551,350,Paperback,4,300,2025-06-16,15.19,8,121.52
1552,350,Mass Market Paperback,2,149,2025-09-01,12.99,16,207.84
1553,350,Mass Market Paperback,1,30,2025-10-12,9.0,18,162.0
1554,350,Paperback,10,520,2025-09-12,17.95,13,233.35
1555,350,Paperback,1,90,2025-07-18,15.65,8,125.2
1556,350,eBook,3,232,2025-10-10,11.73,14,164.22
1557,350,Hardcover,7,449,2025-04-09,25.8,13,335.4
1558,350,Mass Market Paperback,3,218,2025-11-01,9.3,46,427.8
1559,350,Hardcover,1,82,2025-06-18,25.94,30,778.2
1560,350,Hardcover,2,125,2025-10-03,27.71,41,1136.11
1561,350,Mass Market Paperback,6,414,2025-06-29,9.22,50,461.0
1562,350,Mass Market Paperback,9,484,2025-10-26,11.11,15,166.65
1563,351,Audiobook,1,54,2025-03-12,20.12,3,60.36
1564,351,Hardcover,7,444,2025-09-11,32.45,49,1590.05
1565,351,eBook,10,501,2025-03-02,14.89,37,550.93
1566,351,Audiobook,1,98,2025-01-29,28.22,42,1185.24
1567,351,eBook,10,498,2025-03-17,11.71,2,23.42
1568,351,Audiobook,9,493,2025-06-30,25.75,4,103.0
1569,351,Hardcover,1,91,2025-03-16,32.0,16,512.0
1570,351,Audiobook,9,488,2025-12-08,21.12,25,528.0
1571,351,Paperback,1,89,2025-02-22,15.19,14,212.66
1572,351,Paperback,3,239,2025-03-24,14.74,4,58.96
1573,351,Mass Market Paperback,6,428,2025-12-10,12.07,37,446.59
1574,351,Mass Market Paperback,9,483,2025-09-08,10.06,7,70.42
1575,351,Audiobook,4,295,2025-11-15,22.94,18,412.92
1576,351,Paperback,1,73,2025-08-21,14.08,32,450.56
1577,352,Paperback,1,112,2025-01-10,14.03,43,603.29
1578,352,Paperback,7,436,2025-09-19,17.38,50,869.0
1579,352,Hardcover,4,291,2025-03-26,34.5,25,862.5
1580,352,Audiobook,6,412,2025-08-24,25.32,50,1266.0
1581,352,Audiobook,1,89,2025-04-10,28.44,19,540.36
1582,352,eBook,4,288,2025-09-26,10.2,13,132.6
1583,352,Audiobook,6,404,2025-07-08,29.84,50,1492.0
1584,352,Mass Market Paperback,5,388,2025-09-16,10.59,17,180.03
1585,353,eBook,2,141,2025-02-10,12.72,10,127.2
1586,353,Hardcover,1,59,2025-07-04,27.11,38,1030.18
1587,353,Hardcover,2,123,2025-09-28,33.55,38,1274.9
1588,353,Paperback,5,352,2025-11-24,15.34,11,168.74
1589,353,Mass Market Paperback,5,386,2025-01-31,11.92,38,452.96
1590,353,eBook,1,6,2025-02-14,8.54,30,256.2
1591,353,Audiobook,10,508,2025-01-25,27.47,10,274.7
1592,353,Mass Market Paperback,7,441,2025-07-27,12.39,5,61.95
1593,353,Hardcover,2,130,2025-01-03,25.3,50,1265.0
1594,353,eBook,2,179,2025-01-20,13.71,17,233.07
1595,353,Hardcover,6,398,2025-10-05,25.69,36,924.84
1596,353,Hardcover,3,209,2025-09-19,26.77,31,829.87
1597,354,Audiobook,7,447,2025-06-16,22.29,32,713.28
1598,354,Audiobook,3,201,2025-10-17,27.37,36,985.32
1599,354,Hardcover,4,315,2025-07-25,27.11,40,1084.4
1600,354,eBook,7,440,2025-11-26,10.37,42,435.54
1601,354,Mass Market Paperback,3,219,2025-04-08,10.99,42,461.58
1602,354,eBook,5,354,2025-05-11,13.57,11,149.27
1603,354,Paperback,8,458,2025-12-10,18.15,34,617.1
1604,354,eBook,1,97,2025-05-30,11.44,45,514.8
1605,354,Mass Market Paperback,4,297,2025-09-03,11.72,18,210.96
1606,354,Hardcover,6,430,2025-03-30,34.09,38,1295.42
1607,354,Mass Market Paperback,6,410,2025-08-10,11.09,28,310.52
1608,354,Audiobook,5,365,2025-02-22,28.04,35,981.4
1609,354,Audiobook,6,396,2025-08-31,29.14,11,320.54
1610,355,Audiobook,1,25,2025-10-11,26.11,17,443.87
1611,355,eBook,10,524,2025-11-01,14.62,29,423.98
1612,355,Mass Market Paperback,6,398,2025-08-15,9.07,5,45.35
1613,355,eBook,1,113,2025-06-19,12.59,39,491.01
1614,355,eBook,2,148,2025-06-29,9.01,29,261.29
1615,355,Hardcover,5,352,2025-03-26,29.92,19,568.48
1616,355,Hardcover,4,263,2025-07-02,33.82,43,1454.26
1617,355,Paperback,1,25,2025-03-12,15.64,45,703.8
1618,355,Mass Market Paperback,7,443,2025-08-31,9.39,41,384.99
1619,355,Paperback,1,37,2025-04-29,17.59,38,668.42
1620,355,Hardcover,1,23,2025-09-05,31.1,28,870.8
1621,355,Hardcover,10,499,2025-02-16,25.57,23,588.11
1622,355,eBook,2,199,2025-08-28,10.83,5,54.15
1623,355,eBook,1,33,2025-09-18,11.62,38,441.56
1624,356,Mass Market Paperback,5,360,2025-04-02,12.16,18,218.88
1625,356,Hardcover,1,89,2025-06-05,32.41,35,1134.35
1626,356,Paperback,9,491,2025-09-25,15.82,29,458.78
1627,356,Hardcover,5,393,2025-05-06,30.44,29,882.76
1628,356,Mass Market Paperback,2,173,2025-07-30,10.84,24,260.16
1629,356,Audiobook,4,321,2025-03-04,22.33,33,736.89
1630,356,eBook,4,323,2025-05-15,14.58,24,349.92
1631,356,Hardcover,3,256,2025-04-28,25.43,36,915.48
1632,356,Hardcover,3,211,2025-11-04,29.22,6,175.32
1633,356,Audiobook,3,254,2025-12-12,22.27,32,712.64
1634,357,Paperback,5,342,2025-06-19,18.61,8,148.88
1635,357,Mass Market Paperback,6,410,2025-09-08,11.3,12,135.6
1636,357,Audiobook,1,37,2025-09-05,21.51,2,43.02
1637,357,Paperback,10,503,2025-01-26,14.07,24,337.68
1638,357,Mass Market Paperback,4,287,2025-05-11,10.86,6,65.16
1639,357,Mass Market Paperback,1,38,2025-08-05,9.37,30,281.1
1640,357,eBook,1,108,2025-03-11,11.22,12,134.64
1641,357,Mass Market Paperback,4,304,2025-03-25,12.65,49,619.85
1642,357,eBook,4,264,2025-02-28,14.73,34,500.82
1643,357,Paperback,3,229,2025-01-08,15.44,29,447.76
1644,357,eBook,1,7,2025-07-31,13.06,12,156.72
1645,357,Audiobook,1,34,2025-10-12,28.58,12,342.96
1646,358,Audiobook,6,406,2025-12-27,26.41,14,369.74
1647,358,Hardcover,5,348,2025-03-08,34.19,7,239.33
1648,358,Paperback,3,253,2025-06-08,17.16,30,514.8
1649,358,eBook,2,132,2025-10-06,12.76,7,89.32
1650,358,Hardcover,1,29,2025-12-08,26.16,38,994.08
1651,358,eBook,4,282,2025-03-12,10.93,29,316.97
1652,358,Paperback,2,155,2025-11-15,15.19,34,516.46
1653,358,Hardcover,3,232,2025-09-11,32.09,39,1251.51
1654,359,Audiobook,3,205,2025-07-24,27.1,2,54.2
1655,359,Hardcover,7,437,2025-04-18,31.21,26,811.46
1656,359,Hardcover,5,367,2025-02-26,30.49,34,1036.66
1657,359,Mass Market Paperback,2,157,2025-11-06,11.28,48,541.44
1658,359,eBook,1,69,2025-03-26,11.16,9,100.44
1659,359,Hardcover,4,275,2025-09-30,25.71,27,694.17
1660,359,eBook,3,238,2025-07-21,9.01,34,306.34
1661,359,Hardcover,6,417,2025-08-21,29.08,30,872.4
1662,359,eBook,1,42,2025-07-26,10.51,46,483.46
1663,359,Paperback,1,100,2025-03-03,15.53,34,528.02
1664,359,eBook,7,446,2025-06-04,8.65,49,423.85
1665,359,Audiobook,4,291,2025-04-22,23.16,2,46.32
1666,359,eBook,4,305,2025-08-08,14.14,19,268.66
1667,359,eBook,5,367,2025-01-15,12.82,18,230.76
1668,360,Hardcover,2,125,2025-04-14,29.96,31,928.76
1669,360,eBook,1,63,2025-12-20,14.05,50,702.5
1670,360,Audiobook,2,165,2025-10-19,28.34,16,453.44
1671,360,Paperback,1,35,2025-10-25,14.06,32,449.92
1672,360,Audiobook,4,311,2025-08-09,23.73,49,1162.77
1673,360,Hardcover,3,235,2025-02-12,34.99,35,1224.65
1674,360,Mass Market Paperback,3,256,2025-07-15,12.43,1,12.43
1675,360,eBook,5,351,2025-07-20,11.21,33,369.93
1676,360,Mass Market Paperback,6,434,2025-07-25,11.34,27,306.18
1677,361,Hardcover,1,111,2025-06-09,30.98,4,123.92
1678,361,Audiobook,5,350,2025-04-20,22.94,22,504.68
1679,361,Paperback,5,341,2025-07-21,16.32,12,195.84
1680,361,Mass Market Paperback,1,64,2025-05-09,10.47,39,408.33
1681,361,Audiobook,6,413,2025-05-24,21.32,25,533.0
1682,361,Hardcover,1,101,2025-06-07,32.9,36,1184.4
1683,361,Mass Market Paperback,3,218,2025-11-16,11.88,9,106.92
1684,361,Mass Market Paperback,6,411,2025-12-31,12.41,9,111.69
1685,361,Paperback,5,357,2025-05-05,16.53,45,743.85
1686,361,Paperback,1,54,2025-06-11,15.93,42,669.06
1687,361,Audiobook,9,483,2025-11-09,25.16,32,805.12
1688,361,Hardcover,9,489,2025-04-29,30.67,11,337.37
1689,361,Hardcover,2,178,2025-07-22,25.58,48,1227.84
1690,361,Hardcover,5,392,2025-11-03,28.64,6,171.84
1691,362,Mass Market Paperback,1,114,2025-11-27,9.9,5,49.5
1692,362,eBook,3,258,2025-11-14,12.14,17,206.38
1693,362,Audiobook,1,119,2025-10-30,23.17,45,1042.65
1694,362,Audiobook,1,117,2025-12-30,29.98,42,1259.16
1695,362,Hardcover,1,27,2025-08-20,27.99,1,27.99
1696,362,Audiobook,8,463,2025-10-04,24.1,35,843.5
1697,362,Mass Market Paperback,7,451,2025-09-13,12.94,20,258.8
1698,362,Audiobook,1,35,2025-11-22,23.16,34,787.44
1699,363,Paperback,10,512,2025-09-23,18.73,36,674.28
1700,363,Paperback,5,358,2025-11-08,16.83,11,185.13
1701,363,Paperback,4,306,2025-09-27,15.63,39,609.57
1702,363,Audiobook,5,377,2025-09-08,20.35,24,488.4
1703,363,Hardcover,3,238,2025-09-24,31.82,38,1209.16
1704,363,Hardcover,7,448,2025-12-10,34.35,24,824.4
1705,363,Paperback,1,76,2025-12-11,18.05,22,397.1
1706,363,eBook,1,46,2025-10-19,14.36,4,57.44
1707,363,Hardcover,5,363,2025-11-20,25.45,36,916.2
1708,363,Hardcover,5,392,2025-09-07,33.68,11,370.48
1721,335,eBook,1,92,2023-06-26,13.88,48,666.24
1722,335,eBook,1,92,2023-09-03,8.61,47,404.67
1723,335,Mass Market Paperback,1,92,2025-04-15,10.53,33,347.49
1724,335,eBook,1,92,2024-11-30,13.02,28,364.56
1725,335,eBook,7,443,2026-03-10,8.28,15,124.2
1726,335,Hardcover,7,443,2025-07-08,30.69,15,460.35
1727,335,Audiobook,7,443,2022-12-08,22.31,33,736.23
1728,335,Paperback,6,419,2023-11-30,16.04,20,320.8
1729,335,Hardcover,6,419,2024-06-29,26.06,27,703.62
1730,335,eBook,6,419,2024-05-19,10.53,13,136.89
1731,335,Audiobook,6,419,2023-12-28,21.74,11,239.14
1732,335,Paperback,1,52,2025-09-30,16.19,20,323.8
1733,335,Paperback,1,52,2026-03-18,18.13,46,833.98
1734,335,Audiobook,1,52,2024-12-20,25.85,48,1240.8
1735,335,Audiobook,1,52,2023-03-30,28.17,6,169.02
1736,335,Hardcover,1,52,2024-01-25,33.15,45,1491.75
1737,335,eBook,2,172,2024-05-27,8.87,39,345.93
1738,335,Audiobook,2,172,2024-12-18,24.96,5,124.8
1739,335,eBook,2,172,2025-05-05,11.83,8,94.64
1740,335,Paperback,2,172,2024-03-20,15.95,28,446.6
1741,335,Mass Market Paperback,2,172,2025-04-16,9.69,18,174.42
1742,335,eBook,1,18,2026-03-19,13.82,21,290.22
1743,335,Mass Market Paperback,1,18,2024-08-15,12.6,1,12.6
1744,335,eBook,1,18,2022-11-03,12.98,13,168.74
1745,335,eBook,1,18,2025-05-20,11.27,19,214.13
1746,335,Paperback,10,498,2025-05-22,17.28,16,276.48
1747,335,Mass Market Paperback,10,498,2023-09-03,9.82,45,441.9
1748,335,Audiobook,10,498,2024-07-31,25.8,32,825.6
1749,335,Hardcover,10,498,2022-09-12,30.57,39,1192.23
1750,335,eBook,10,498,2025-06-21,9.26,14,129.64
1751,335,Paperback,9,478,2025-01-04,15.4,14,215.6
1752,335,Hardcover,9,478,2025-07-11,32.1,15,481.5
1753,335,Mass Market Paperback,9,478,2025-04-11,10.89,50,544.5
1754,335,eBook,2,142,2022-10-15,11.06,6,66.36
1755,335,eBook,2,142,2025-01-11,10.98,26,285.48
1756,335,Hardcover,2,142,2024-06-19,25.55,49,1251.95
1757,335,Audiobook,2,142,2023-05-29,21.46,6,128.76
1758,335,Hardcover,2,142,2025-08-24,31.54,46,1450.84
1759,335,eBook,2,142,2024-02-26,8.33,42,349.86
1760,335,Mass Market Paperback,9,475,2025-01-02,11.93,47,560.71
1761,335,Mass Market Paperback,9,475,2022-10-06,10.77,3,32.31
1762,335,Audiobook,9,475,2024-08-20,26.79,1,26.79
1763,335,Paperback,6,413,2024-02-07,14.67,37,542.79
1764,335,eBook,6,413,2026-02-02,11.77,44,517.88
1765,335,eBook,6,413,2025-06-13,11.79,5,58.95
1766,335,Audiobook,6,413,2024-11-13,25.5,21,535.5
1767,335,Hardcover,1,2,2025-12-26,31.33,45,1409.85
1768,335,Hardcover,1,2,2024-05-02,27.33,12,327.96
1769,335,Audiobook,1,2,2023-02-28,29.15,50,1457.5
1770,335,Hardcover,5,353,2022-10-18,34.89,25,872.25
1771,335,Mass Market Paperback,5,353,2022-12-29,9.56,32,305.92
1772,335,Hardcover,5,353,2024-11-11,28.32,27,764.64
1773,335,Hardcover,5,353,2023-04-13,25.61,37,947.57
1774,335,Mass Market Paperback,5,353,2026-01-16,12.96,7,90.72
1775,335,Paperback,10,504,2024-04-11,17.83,40,713.2
1776,335,Hardcover,10,504,2024-11-09,33.56,10,335.6
1777,335,Audiobook,10,504,2024-07-12,27.33,31,847.23
1778,335,Paperback,10,504,2022-10-24,18.86,47,886.42
1779,335,Mass Market Paperback,10,504,2025-04-15,11.11,22,244.42
1780,335,Hardcover,9,476,2026-02-24,30.65,40,1226.0
1781,335,Audiobook,9,476,2024-06-18,23.0,38,874.0
1782,335,Audiobook,9,476,2024-02-14,29.85,43,1283.55
1783,335,Mass Market Paperback,4,292,2023-04-13,9.37,21,196.77
1784,335,Audiobook,4,292,2022-09-07,23.81,36,857.16
1785,335,Audiobook,4,292,2023-08-09,21.07,49,1032.43
1786,335,Hardcover,4,292,2024-01-29,30.17,43,1297.31
1787,335,Hardcover,1,23,2024-09-27,29.07,48,1395.36
1788,335,Hardcover,1,23,2025-04-16,28.27,16,452.32
1789,335,Mass Market Paperback,1,23,2023-12-28,9.79,31,303.49
1790,335,Hardcover,7,446,2025-06-25,30.52,23,701.96
1791,335,Mass Market Paperback,7,446,2024-11-06,12.94,16,207.04
1792,335,eBook,7,446,2022-09-07,10.09,20,201.8
1793,335,Audiobook,7,446,2022-08-23,22.75,40,910.0
1794,335,Paperback,7,446,2025-12-04,15.42,23,354.66
1795,335,Hardcover,4,320,2023-06-09,27.89,7,195.23
1796,335,Mass Market Paperback,4,320,2025-02-27,9.52,20,190.4
1797,335,eBook,4,320,2023-05-23,11.11,15,166.65
1798,335,Audiobook,4,320,2024-12-29,25.3,49,1239.7
1799,335,eBook,4,320,2024-02-11,11.29,42,474.18
1800,335,Audiobook,4,300,2024-01-25,21.15,33,697.95
1801,335,eBook,4,300,2024-04-25,14.69,45,661.05
1802,335,eBook,4,300,2025-12-07,11.68,47,548.96
1803,336,eBook,2,164,2024-12-29,13.19,16,211.04
1804,336,eBook,2,164,2024-06-19,10.45,34,355.3
1805,336,Mass Market Paperback,2,164,2023-09-30,12.05,49,590.45
1806,336,Audiobook,2,164,2024-07-21,21.33,32,682.56
1807,336,Mass Market Paperback,7,443,2025-03-08,12.57,49,615.93
1808,336,eBook,7,443,2025-12-15,13.62,26,354.12
1809,336,Audiobook,7,443,2024-12-29,28.14,39,1097.46
1810,336,Hardcover,7,443,2025-02-19,31.8,14,445.2
1811,336,Audiobook,7,443,2025-09-17,20.4,19,387.6
1812,336,Mass Market Paperback,6,419,2023-08-26,9.92,24,238.08
1813,336,Hardcover,6,419,2024-06-26,31.14,5,155.7
1814,336,eBook,6,419,2024-04-27,12.85,14,179.9
1815,336,Mass Market Paperback,6,419,2025-03-24,11.74,9,105.66
1816,336,Paperback,6,419,2024-10-27,17.81,23,409.63
1817,336,Hardcover,6,419,2025-02-07,27.84,12,334.08
1818,336,Mass Market Paperback,1,52,2025-03-15,12.49,16,199.84
1819,336,Paperback,1,52,2025-03-19,15.23,41,624.43
1820,336,Mass Market Paperback,1,52,2025-10-02,9.04,41,370.64
1821,336,Paperback,1,52,2025-04-22,17.18,27,463.86
1822,336,Audiobook,1,52,2024-12-03,28.89,18,520.02
1823,336,Paperback,1,114,2025-02-04,17.45,7,122.15
1824,336,eBook,1,114,2025-06-13,12.25,32,392.0
1825,336,Paperback,1,114,2023-07-21,15.44,35,540.4
1826,336,Mass Market Paperback,1,114,2025-07-22,9.99,36,359.64
1827,336,Paperback,1,114,2025-06-26,18.72,21,393.12
1828,336,Paperback,1,114,2025-01-28,15.28,1,15.28
1829,336,Paperback,4,325,2024-03-27,15.37,12,184.44
1830,336,Audiobook,4,325,2024-01-06,25.14,7,175.98
1831,336,Audiobook,4,325,2023-08-02,25.98,16,415.68
1832,336,Paperback,4,325,2023-08-11,15.39,38,584.82
1833,336,Hardcover,5,372,2025-12-25,29.88,8,239.04
1834,336,Paperback,5,372,2024-09-05,16.18,7,113.26
1835,336,eBook,5,372,2026-02-26,13.79,16,220.64
1836,336,Paperback,5,372,2023-10-31,18.82,2,37.64
1837,336,Mass Market Paperback,5,372,2023-08-31,12.86,18,231.48
1838,336,Paperback,5,372,2024-08-08,14.2,20,284.0
1839,336,Audiobook,1,13,2025-02-16,23.48,1,23.48
1840,336,Paperback,1,13,2026-01-25,15.52,28,434.56
1841,336,Audiobook,1,13,2024-02-15,21.56,3,64.68
1842,336,Hardcover,1,13,2025-11-28,25.32,50,1266.0
1843,336,Mass Market Paperback,5,344,2024-08-27,11.72,32,375.04
1844,336,Paperback,5,344,2024-07-25,18.49,28,517.72
1845,336,Audiobook,5,344,2023-12-12,23.58,5,117.9
1846,336,Audiobook,5,344,2023-11-03,20.24,31,627.44
1847,336,eBook,5,344,2025-10-28,8.71,15,130.65
1848,336,eBook,6,401,2025-06-30,13.23,46,608.58
1849,336,Paperback,6,401,2025-07-25,15.89,15,238.35
1850,336,eBook,6,401,2024-10-31,11.85,46,545.1
1851,336,Paperback,2,179,2024-04-13,16.13,21,338.73
1852,336,eBook,2,179,2025-02-02,8.72,10,87.2
1853,336,Paperback,2,179,2026-03-23,14.29,30,428.7
1854,336,Hardcover,2,179,2025-10-05,33.75,11,371.25
1855,336,Audiobook,2,179,2025-04-24,28.3,23,650.9
1856,336,Paperback,5,333,2024-06-17,15.59,24,374.16
1857,336,Audiobook,5,333,2023-06-25,21.19,27,572.13
1858,336,Paperback,5,333,2025-05-25,15.97,46,734.62
1859,336,Hardcover,5,333,2025-12-12,30.15,16,482.4
1860,336,Hardcover,5,333,2025-03-27,32.58,31,1009.98
1861,336,Mass Market Paperback,6,406,2025-04-07,10.71,47,503.37
1862,336,eBook,6,406,2023-12-20,10.26,4,41.04
1863,336,Paperback,6,406,2023-06-06,14.76,42,619.92
1864,336,Paperback,6,406,2024-10-17,18.41,27,497.07
1865,336,Mass Market Paperback,10,504,2024-07-21,12.47,30,374.1
1866,336,Mass Market Paperback,10,504,2024-12-01,11.0,11,121.0
1867,336,eBook,10,504,2025-01-16,12.2,38,463.6
1868,336,eBook,10,504,2024-06-15,11.21,1,11.21
1869,336,Mass Market Paperback,10,504,2024-12-01,9.68,45,435.6
1870,336,Audiobook,9,476,2024-02-12,22.92,8,183.36
1871,336,eBook,9,476,2023-08-10,9.34,11,102.74
1872,336,Hardcover,9,476,2025-10-11,34.05,2,68.1
1873,336,Paperback,9,476,2025-05-15,17.37,43,746.91
1874,336,eBook,4,292,2023-10-18,13.52,11,148.72
1875,336,Audiobook,4,292,2023-11-05,26.96,14,377.44
1876,336,eBook,4,292,2026-03-23,13.76,33,454.08
1877,336,Mass Market Paperback,4,292,2025-03-12,10.94,33,361.02
1878,336,Paperback,6,409,2024-08-07,18.53,17,315.01
1879,336,Audiobook,6,409,2026-03-15,28.93,3,86.79
1880,336,eBook,6,409,2025-06-04,10.89,6,65.34
1881,336,Mass Market Paperback,6,409,2025-07-09,9.55,4,38.2
1882,336,eBook,1,97,2025-03-13,13.37,46,615.02
1883,336,Audiobook,1,97,2023-11-06,22.08,13,287.04
1884,336,Hardcover,1,97,2025-09-13,27.12,50,1356.0
1885,336,Paperback,1,97,2024-08-15,14.92,25,373.0
1886,336,Paperback,1,97,2024-11-21,15.84,48,760.32
1887,336,eBook,1,57,2025-10-23,9.36,45,421.2
1888,336,Paperback,1,57,2024-09-22,17.93,49,878.57
1889,336,eBook,1,57,2024-08-17,10.84,40,433.6
1890,336,Mass Market Paperback,3,250,2024-08-22,10.63,13,138.19
1891,336,Paperback,3,250,2026-02-20,17.16,46,789.36
1892,336,Audiobook,3,250,2024-10-24,20.47,9,184.23
1893,337,Audiobook,1,92,2026-03-24,26.25,32,840.0
1894,337,Hardcover,1,92,2025-11-27,28.37,35,992.95
1895,337,Mass Market Paperback,1,92,2025-11-27,9.88,31,306.28
1896,337,Paperback,1,92,2025-06-09,15.68,39,611.52
1897,337,Audiobook,3,205,2025-05-21,28.53,46,1312.38
1898,337,Mass Market Paperback,3,205,2025-12-01,12.51,25,312.75
1899,337,Hardcover,3,205,2025-07-24,33.6,44,1478.4
1900,337,Mass Market Paperback,6,419,2026-03-13,12.93,16,206.88
1901,337,eBook,6,419,2025-12-23,11.44,10,114.4
1902,337,Paperback,6,419,2025-07-12,17.1,37,632.7
1903,337,Mass Market Paperback,2,175,2026-01-06,10.45,5,52.25
1904,337,Mass Market Paperback,2,175,2026-02-11,11.9,24,285.6
1905,337,Audiobook,2,175,2025-07-23,20.97,26,545.22
1906,337,Audiobook,2,175,2026-02-09,27.95,45,1257.75
1907,337,Hardcover,2,175,2025-07-04,30.17,20,603.4
1908,337,Mass Market Paperback,2,172,2025-04-26,12.66,20,253.2
1909,337,Audiobook,2,172,2025-06-03,29.54,48,1417.92
1910,337,Mass Market Paperback,2,172,2025-10-25,9.37,32,299.84
1911,337,Paperback,2,172,2026-03-27,14.17,31,439.27
1912,337,Paperback,2,172,2025-05-13,14.92,30,447.6
1913,337,eBook,6,397,2025-05-16,10.54,30,316.2
1914,337,Mass Market Paperback,6,397,2025-07-21,12.43,7,87.01
1915,337,Mass Market Paperback,6,397,2025-09-23,11.0,3,33.0
1916,337,Audiobook,2,146,2025-06-19,20.41,47,959.27
1917,337,Audiobook,2,146,2025-08-10,20.98,11,230.78
1918,337,Hardcover,2,146,2025-04-29,27.24,27,735.48
1919,337,eBook,2,146,2025-08-05,8.37,43,359.91
1920,337,Hardcover,2,146,2025-12-07,27.13,27,732.51
1921,337,Audiobook,9,478,2026-02-21,20.69,46,951.74
1922,337,eBook,9,478,2025-08-11,12.76,47,599.72
1923,337,eBook,9,478,2025-07-17,9.07,26,235.82
1924,337,Hardcover,9,478,2025-08-29,29.99,22,659.78
1925,337,Mass Market Paperback,9,478,2025-07-05,9.89,30,296.7
1926,337,Audiobook,9,478,2025-04-23,24.63,7,172.41
1927,337,Hardcover,2,142,2025-07-30,25.52,23,586.96
1928,337,Hardcover,2,142,2025-07-26,28.85,16,461.6
1929,337,Audiobook,2,142,2026-03-04,21.11,33,696.63
1930,337,eBook,9,475,2026-02-03,11.26,38,427.88
1931,337,Hardcover,9,475,2025-04-23,34.68,38,1317.84
1932,337,Audiobook,9,475,2025-06-19,22.14,14,309.96
1933,337,Hardcover,6,413,2025-04-24,28.44,20,568.8
1934,337,eBook,6,413,2025-09-20,9.16,44,403.04
1935,337,Audiobook,6,413,2026-01-31,24.8,23,570.4
1936,337,eBook,6,413,2026-03-05,9.43,31,292.33
1937,337,Audiobook,4,286,2025-09-26,20.44,13,265.72
1938,337,Paperback,4,286,2025-11-01,18.59,41,762.19
1939,337,Mass Market Paperback,4,286,2026-02-04,11.06,4,44.24
1940,337,Audiobook,8,458,2025-04-25,23.11,26,600.86
1941,337,Mass Market Paperback,8,458,2025-11-15,11.61,48,557.28
1942,337,Paperback,8,458,2025-05-12,18.21,7,127.47
1943,337,Audiobook,8,458,2025-08-10,22.73,14,318.22
1944,337,Audiobook,8,458,2026-03-23,20.05,34,681.7
1945,337,Paperback,1,66,2025-07-01,18.69,18,336.42
1946,337,eBook,1,66,2025-08-09,12.32,24,295.68
1947,337,Hardcover,1,66,2026-01-05,33.81,25,845.25
1948,337,eBook,1,66,2025-08-27,12.35,32,395.2
1949,337,Audiobook,1,74,2026-01-23,27.22,45,1224.9
1950,337,Paperback,1,74,2025-08-21,14.17,40,566.8
1951,337,Hardcover,1,74,2025-12-31,26.9,44,1183.6
1952,337,Paperback,1,74,2025-12-27,15.38,28,430.64
1953,337,Audiobook,1,74,2025-11-04,25.98,48,1247.04
1954,337,Paperback,1,74,2025-12-05,18.17,37,672.29
1955,337,Paperback,8,464,2025-06-10,14.04,17,238.68
1956,337,Audiobook,8,464,2025-09-18,28.04,32,897.28
1957,337,eBook,8,464,2025-10-24,8.05,14,112.7
1958,337,Mass Market Paperback,8,464,2025-10-10,10.13,8,81.04
1959,337,eBook,6,409,2025-12-05,9.62,5,48.1
1960,337,eBook,6,409,2025-09-29,10.75,31,333.25
1961,337,Hardcover,6,409,2025-09-11,34.19,24,820.56
1962,337,Paperback,1,97,2025-07-28,18.71,20,374.2
1963,337,eBook,1,97,2026-01-12,11.37,18,204.66
1964,337,Paperback,1,97,2025-05-20,16.67,11,183.37
1965,337,eBook,1,97,2025-11-19,9.87,11,108.57
1966,337,Mass Market Paperback,1,97,2025-09-17,9.25,25,231.25
1967,337,Mass Market Paperback,4,320,2025-05-05,9.32,30,279.6
1968,337,Mass Market Paperback,4,320,2025-08-04,11.33,12,135.96
1969,337,eBook,4,320,2026-03-21,12.44,37,460.28
1970,337,Hardcover,4,300,2025-10-31,26.5,36,954.0
1971,337,Paperback,4,300,2026-03-20,18.9,12,226.8
1972,337,eBook,4,300,2026-02-20,13.89,12,166.68
1973,337,Paperback,4,300,2025-10-13,14.78,5,73.9
1974,337,Hardcover,4,300,2025-11-08,34.44,23,792.12
1975,337,Mass Market Paperback,4,300,2026-01-04,10.56,4,42.24
